Site Name,First Rec,Last Rec,P1 MC Start,P1 MC End,P1 Hatch,P1 Inc Length,P1 Last FS > 2,P1 Async Score,P1 First Fldg Call,P1 Fldg Age,P1 Last Fldg Call,P1 Abandoned,P2 MC Start,P2 MC End,P2 Hatch,P2 Inc Length,P2 Last FS > 2,P2 Async Score,P2 First Fldg Call,P2 Fldg Age,P2 Last Fldg Call,P2 Abandoned,P3 MC Start,P3 MC End,P3 Hatch,P3 Inc Length,P3 Last FS > 2,P3 Async Score,P3 First Fldg Call,P3 Fldg Age,P3 Last Fldg Call,P3 Abandoned,P4 MC Start,P4 MC End,P4 Hatch,P4 Inc Length,P4 Last FS > 2,P4 Async Score,P4 First Fldg Call,P4 Fldg Age,P4 Last Fldg Call,P4 Abandoned
2023 Baja Rancho Cinega,04/14/2023,08/22/2023,ND,ND,before start,ND,ND,ND,05/01/2023,ND,05/06/2023,ND,04/26/2023,05/01/2023,ND,ND,ND,ND,05/24/2023,ND,06/05/2023,ND,05/22/2023,06/02/2023,ND,ND,ND,ND,06/21/2023,ND,06/24/2023,ND,06/19/2023,06/24/2023,ND,ND,ND,ND,ND,ND,ND,ND
2023 Colusa NWR T27.1,06/01/2023,08/01/2023,ND,ND,ND,ND,ND,ND,ND,ND,ND,ND,06/19/2023,07/04/2023,07/16/2023,13,07/21/2023,5,07/27/2023,12,07/27/2023,ND,ND,ND,ND,ND,ND,ND,ND,ND,ND,ND,ND,ND,ND,ND,ND,ND,ND,ND,ND,ND
2023 Colusa NWR T27.2,06/01/2023,07/21/2023,before start,06/06/2023,06/20/2023,15,06/25/2023,5,06/29/2023,10,07/19/2023,ND,ND,ND,ND,ND,ND,ND,ND,ND,ND,ND,ND,ND,ND,ND,ND,ND,ND,ND,ND,ND,ND,ND,ND,ND,ND,ND,ND,ND,ND,ND
2023 Bridge St Pond,04/18/2023,05/06/2023,ND,ND,ND,ND,ND,ND,ND,ND,ND,ND,ND,ND,ND,ND,ND,ND,ND,ND,ND,ND,ND,ND,ND,ND,ND,ND,ND,ND,ND,ND,ND,ND,ND,ND,ND,ND,ND,ND,ND,ND
2023 Conaway Ranch - HQ,05/24/2023,07/05/2023,05/26/2023,05/31/2023,06/13/2023,14,06/20/2023,7,06/20/2023,8,06/29/2023,ND,ND,ND,ND,ND,ND,ND,ND,ND,ND,ND,ND,ND,ND,ND,ND,ND,ND,ND,ND,ND,ND,ND,ND,ND,ND,ND,ND,ND,ND,ND
2023 Conaway Ranch NE,05/26/2023,07/11/2023,before start,05/31/2023,06/11/2023,12,06/15/2023,4,06/25/2023,15,06/29/2023,ND,ND,ND,ND,ND,ND,ND,ND,ND,ND,ND,ND,ND,ND,ND,ND,ND,ND,ND,ND,ND,ND,ND,ND,ND,ND,ND,ND,ND,ND,ND
2023 Conaway Ranch North 1,06/08/2023,07/13/2023,ND,before start,06/18/2023,ND,06/27/2023,9,06/28/2023,11,07/12/2023,ND,ND,ND,ND,ND,ND,ND,ND,ND,ND,ND,ND,ND,ND,ND,ND,ND,ND,ND,ND,ND,ND,ND,ND,ND,ND,ND,ND,ND,ND,ND
2023 Conaway Ranch North 2,06/13/2023,07/27/2023,before start,06/18/2023,06/28/2023,11,07/02/2023,4,07/07/2023,10,07/23/2023,ND,ND,ND,ND,ND,ND,ND,ND,ND,ND,ND,ND,ND,ND,ND,ND,ND,ND,ND,ND,ND,ND,ND,ND,ND,ND,ND,ND,ND,ND,ND
2023 Creed Rd,03/12/2023,08/07/2023,04/22/2023,05/06/2023,abandoned,ND,05/09/2023,ND,abandoned,ND,abondoned,05/10/2023,ND,ND,ND,ND,ND,ND,ND,ND,ND,ND,ND,ND,ND,ND,ND,ND,ND,ND,ND,ND,ND,ND,ND,ND,ND,ND,ND,ND,ND,ND
2023 Delevan NWR T43.1,05/16/2023,07/18/2023,ND,ND,ND,ND,ND,ND,ND,ND,ND,ND,ND,ND,ND,ND,ND,ND,ND,ND,ND,ND,ND,ND,ND,ND,ND,ND,ND,ND,ND,ND,ND,ND,ND,ND,ND,ND,ND,ND,ND,ND
2023 Delevan NWR T43.2 - fix lat lon,05/16/2023,09/16/2023,ND,ND,ND,ND,ND,ND,ND,ND,ND,ND,ND,ND,ND,ND,ND,ND,ND,ND,ND,ND,ND,ND,ND,ND,ND,ND,ND,ND,ND,ND,ND,ND,ND,ND,ND,ND,ND,ND,ND,ND
2023 Delevan T6,05/30/2023,07/25/2023,ND,ND,ND,ND,ND,ND,ND,ND,ND,ND,ND,ND,ND,ND,ND,ND,ND,ND,ND,ND,ND,ND,ND,ND,ND,ND,ND,ND,ND,ND,ND,ND,ND,ND,ND,ND,ND,ND,ND,ND
2023 Hale Road,04/18/2023,07/08/2023,05/20/2023,05/26/2023,06/06/2023,12,06/11/2023,5,06/13/2023,8,07/06/2023,ND,06/24/2023,07/01/2023,after end,ND,07/08/2023,ND,ND,ND,ND,ND,ND,ND,ND,ND,ND,ND,ND,ND,ND,ND,ND,ND,ND,ND,ND,ND,ND,ND,ND,ND
2023 Hale Road Site 2,04/11/2023,07/08/2023,05/20/2023,05/25/2023,06/05/2023,12,06/11/2023,6,06/11/2023,7,07/04/2023,ND,ND,ND,ND,ND,ND,ND,ND,ND,ND,ND,ND,ND,ND,ND,ND,ND,ND,ND,ND,ND,ND,ND,ND,ND,ND,ND,ND,ND,ND,ND
2023 Iron Point,05/09/2023,08/22/2023,ND,ND,before start,ND,05/12/2023,ND,05/31/2023,ND,06/11/2023,ND,ND,ND,ND,ND,ND,ND,ND,ND,ND,ND,ND,ND,ND,ND,ND,ND,ND,ND,ND,ND,ND,ND,ND,ND,ND,ND,ND,ND,ND,ND
2023 Kentucky Lateral,04/15/2023,05/22/2023,ND,before start,04/26/2023,ND,05/02/2023,6,05/12/2023,17,05/19/2023,ND,ND,ND,ND,ND,ND,ND,ND,ND,ND,ND,ND,ND,ND,ND,ND,ND,ND,ND,ND,ND,ND,ND,ND,ND,ND,ND,ND,ND,ND,ND
2023 Kern - Canebreak Ecological Reserve 4,05/25/2023,08/11/2023,ND,ND,ND,ND,ND,ND,ND,ND,ND,ND,ND,ND,ND,ND,ND,ND,ND,ND,ND,ND,ND,ND,ND,ND,ND,ND,ND,ND,ND,ND,ND,ND,ND,ND,ND,ND,ND,ND,ND,ND
2023 Kern - HQ2,05/03/2023,08/11/2023,05/20/2023,05/25/2023,06/08/2023,15,06/12/2023,3,06/20/2023,13,07/03/2023,ND,06/24/2023,06/27/2023,07/05/2023,9,07/14/2023,9,07/19/2023,15,08/06/2023,ND,ND,ND,ND,ND,ND,ND,ND,ND,ND,ND,ND,ND,ND,ND,ND,ND,ND,ND,ND,ND
2023 Laguna Fry Confluence - 45 Sump,04/25/2023,06/18/2023,before start,05/02/2023,05/11/2023,10,05/19/2023,8,05/21/2023,11,05/30/2023,ND,ND,ND,ND,ND,ND,ND,ND,ND,ND,ND,ND,ND,ND,ND,ND,ND,ND,ND,ND,ND,ND,ND,ND,ND,ND,ND,ND,ND,ND,ND
2023 Laguna Fry Confluence - Site 1,05/09/2023,06/18/2023,ND,before start,05/16/2023,ND,05/24/2023,8,05/26/2023,11,05/31/2023,ND,ND,ND,ND,ND,ND,ND,ND,ND,ND,ND,ND,ND,ND,ND,ND,ND,ND,ND,ND,ND,ND,ND,ND,ND,ND,ND,ND,ND,ND,ND
2023 Los Vaqueros - Walnut Trail Marsh,04/07/2023,07/07/2023,before start,04/15/2023,04/26/2023,12,04/27/2023,1,abandoned,,abandoned,04/30/2023,ND,ND,ND,ND,ND,ND,ND,ND,ND,ND,ND,ND,ND,ND,ND,ND,ND,ND,ND,ND,ND,ND,ND,ND,ND,ND,ND,ND,ND,ND
2023 Los Vaqueros Reservoir,03/24/2023,07/31/2023,04/07/2023,04/28/2023,04/28/2023,1,05/09/2023,11,05/05/2023,8,06/13/2023,ND,05/27/2023,06/05/2023,06/15/2023,11,06/30/2023,15,06/26/2023,12,07/16/2023,ND,ND,ND,ND,ND,ND,ND,ND,ND,ND,ND,ND,ND,ND,ND,ND,ND,ND,ND,ND,ND
2023 Markham Ravine A,05/05/2023,05/15/2023,05/11/2023,after end,ND,ND,ND,ND,ND,ND,ND,ND,ND,ND,ND,ND,ND,ND,ND,ND,ND,ND,ND,ND,ND,ND,ND,ND,ND,ND,ND,ND,ND,ND,ND,ND,ND,ND,ND,ND,ND,ND
2023 Markham Ravine B,05/15/2023,07/18/2023,before start,05/18/2023,05/31/2023,14,06/02/2023,2,06/13/2023,14,06/28/2023,ND,ND,ND,ND,ND,ND,ND,,,ND,ND,ND,ND,ND,ND,ND,ND,ND,ND,ND,ND,ND,ND,ND,ND,ND,ND,ND,ND,ND,ND
2023 Merced NWR - Cottonwood,05/12/2023,06/16/2023,ND,ND,ND,ND,ND,ND,before start,ND,05/28/2023,ND,ND,before start,05/25/2023,ND,05/28/2023,3,06/04/2023,11,after end,ND,ND,ND,ND,ND,ND,ND,ND,ND,ND,ND,ND,ND,ND,ND,ND,ND,ND,ND,ND,ND
2023 Merced NWR Deadman Wetland Ditch,05/23/2023,06/27/2023,ND,before start,05/30/2023,ND,06/01/2023,2,abandoned,ND,abandoned,06/04/2023,ND,ND,ND,ND,ND,ND,ND,ND,ND,ND,ND,ND,ND,ND,ND,ND,ND,ND,ND,ND,ND,ND,ND,ND,ND,ND,ND,ND,ND,ND
2023 North Regional Pond,03/31/2023,06/02/2023,04/23/2023,04/24/2023,05/05/2023,12,05/06/2023,1,05/15/2023,11,05/30/2023,ND,ND,ND,ND,ND,ND,ND,ND,ND,ND,ND,ND,ND,ND,ND,ND,ND,ND,ND,ND,ND,ND,ND,ND,ND,ND,ND,ND,ND,ND,ND
2023 OR Dizney Rd,04/29/2023,07/15/2023,before start,05/13/2023,05/19/2023,7,05/26/2023,8,06/03/2023,16,06/07/2023,ND,ND,ND,ND,ND,ND,ND,ND,ND,ND,ND,ND,ND,ND,ND,ND,ND,ND,ND,ND,ND,ND,ND,ND,ND,ND,ND,ND,ND,ND,ND
2023 OR Eureka Rd,04/29/2023,07/24/2023,ND,ND,05/19/2023,ND,05/23/2023,4,05/30/2023,12,06/02/2023,ND,ND,ND,ND,ND,ND,ND,ND,ND,ND,ND,ND,ND,ND,ND,ND,ND,ND,ND,ND,ND,ND,ND,ND,ND,ND,ND,ND,ND,ND,ND
2023 OR Prineville North,04/29/2023,07/15/2023,ND,ND,05/15/2023,ND,05/21/2023,6,05/27/2023,13,05/28/2023,ND,06/07/2023,06/08/2023,06/17/2023,10,06/29/2023,12,07/04/2023,18,07/11/2023,ND,ND,ND,ND,ND,ND,ND,ND,ND,ND,ND,ND,ND,ND,ND,ND,ND,ND,ND,ND,ND
2023 Panoche Creek Preserve - Corrals NW,04/29/2023,06/12/2023,ND,ND,before start,ND,05/05/2023,ND,05/08/2023,ND,05/15/2023,ND,ND,ND,ND,ND,ND,ND,ND,ND,ND,ND,ND,ND,ND,ND,ND,ND,ND,ND,ND,ND,ND,ND,ND,ND,ND,ND,ND,ND,ND,ND
2023 Panoche Creek Preserve - Corrals SE,04/29/2023,06/12/2023,ND,ND,before start,ND,05/09/2023,ND,05/09/2023,ND,05/16/2023,ND,ND,ND,ND,ND,ND,ND,ND,ND,ND,ND,ND,ND,ND,ND,ND,ND,ND,ND,ND,ND,ND,ND,ND,ND,ND,ND,ND,ND,ND,ND
2023 Peterson Ranch Pond - East,04/05/2023,07/28/2023,ND,ND,ND,ND,ND,ND,ND,ND,ND,ND,ND,ND,ND,ND,ND,ND,ND,ND,ND,ND,ND,ND,ND,ND,ND,ND,ND,ND,ND,ND,ND,ND,ND,ND,ND,ND,ND,ND,ND,ND
2023 Peterson Ranch Pond - West,04/05/2023,07/28/2023,ND,ND,ND,ND,ND,ND,ND,ND,ND,ND,ND,ND,ND,ND,ND,ND,ND,ND,ND,ND,ND,ND,ND,ND,ND,ND,ND,ND,ND,ND,ND,ND,ND,ND,ND,ND,ND,ND,ND,ND
2023 Plumas Arboga 2,05/26/2023,07/08/2023,before start,05/29/2023,06/07/2023,10,06/16/2023,9,06/17/2023,11,06/30/2023,ND,ND,ND,ND,ND,ND,ND,ND,ND,ND,ND,ND,ND,ND,ND,ND,ND,ND,ND,ND,ND,ND,ND,ND,ND,ND,ND,ND,ND,ND,ND
2023 Plumas Arboga 8 - North Regional Pond,04/21/2023,07/08/2023,before start,04/26/2023,05/06/2023,11,05/08/2023,2,05/15/2023,10,05/25/2023,ND,05/27/2023,06/03/2023,06/15/2023,13,06/18/2023,3,06/22/2023,8,after end,ND,ND,ND,ND,ND,ND,ND,ND,ND,ND,ND,ND,ND,ND,ND,ND,ND,ND,ND,ND,ND
2023 Rancho Jamul North Pond - fix lat lon,03/27/2023,08/04/2023,05/06/2022,05/17/2022,05/16/2023,ND,05/21/2023,6,05/25/2023,10,06/03/2023,ND,ND,ND,ND,ND,ND,ND,ND,ND,ND,ND,ND,ND,ND,ND,ND,ND,ND,ND,ND,ND,ND,ND,ND,ND,ND,ND,ND,ND,ND,ND
2023 Rancho Jamul Site 1 fix lat lon,03/27/2023,08/03/2023,03/29/2023,04/20/2023,04/25/2023,6,ND,ND,05/07/2023,13,05/28/2023,ND,05/26/2023,06/04/2023,06/22/2023,19,06/21/2023,-1,07/04/2023,13,07/13/2023,ND,ND,ND,ND,ND,ND,ND,ND,ND,ND,ND,ND,ND,ND,ND,ND,ND,ND,ND,ND,ND
2023 San Luis Bear Creek,06/16/2023,07/24/2023,before start,06/21/2023,07/02/2023,12,07/06/2023,4,07/14/2023,13,07/18/2023,ND,ND,ND,ND,ND,ND,ND,ND,ND,ND,ND,ND,ND,ND,ND,ND,ND,ND,ND,ND,ND,ND,ND,ND,ND,ND,ND,ND,ND,ND,ND
2023 San Luis NWR - West Bank Creek,05/26/2023,07/12/2023,before start,05/29/2023,06/13/2023,16,06/15/2023,2,06/24/2023,12,07/04/2023,ND,ND,ND,ND,ND,ND,ND,ND,ND,ND,ND,ND,ND,ND,ND,ND,ND,ND,ND,ND,ND,ND,ND,ND,ND,ND,ND,ND,ND,ND,ND
2023 Sedgwick,03/26/2023,07/29/2023,03/30/2023,04/18/2023,04/15/2023,-2,04/28/2023,13,04/29/2023,15,05/17/2023,ND,ND,ND,ND,ND,ND,ND,ND,ND,ND,ND,ND,ND,ND,ND,ND,ND,ND,ND,ND,ND,ND,ND,ND,ND,ND,ND,ND,ND,ND,ND
2023 South Virginia Road 3,04/11/2023,06/06/2023,ND,ND,ND,ND,ND,ND,ND,ND,ND,ND,ND,ND,ND,ND,ND,ND,ND,ND,ND,ND,ND,ND,ND,ND,ND,ND,ND,ND,ND,ND,ND,ND,ND,ND,ND,ND,ND,ND,ND,ND
2023 Virginia at Ostrom,04/18/2023,06/14/2023,ND,ND,ND,ND,ND,ND,ND,ND,ND,ND,ND,ND,ND,ND,ND,ND,ND,ND,ND,ND,ND,ND,ND,ND,ND,ND,ND,ND,ND,ND,ND,ND,ND,ND,ND,ND,ND,ND,ND,ND
2023 WA Harder Spring,04/10/2023,08/09/2023,ND,ND,ND,ND,ND,ND,06/23/2023,ND,06/24/2023,ND,ND,ND,ND,ND,ND,ND,ND,ND,ND,ND,ND,ND,ND,ND,ND,ND,ND,ND,ND,ND,ND,ND,ND,ND,ND,ND,ND,ND,ND,ND
2023 WA McCain Wetlands,04/10/2023,08/07/2023,ND,ND,05/15/2023,ND,05/13/2023,-2,05/24/2023,10,05/27/2023,ND,ND,ND,ND,ND,ND,ND,ND,ND,ND,ND,ND,ND,ND,ND,ND,ND,ND,ND,ND,ND,ND,ND,ND,ND,ND,ND,ND,ND,ND,ND
2023 Weagell Property 1,04/19/2023,06/18/2023,04/20/2023,04/25/2023,05/03/2023,9,05/15/2023,12,05/21/2023,19,06/13/2023,ND,ND,ND,ND,ND,ND,ND,ND,ND,ND,ND,ND,ND,ND,ND,ND,ND,ND,ND,ND,ND,ND,ND,ND,ND,ND,ND,ND,ND,ND,ND
2023 Weagell Property 2,01/01/1999,01/01/1999,,,,1,,,05/24/2023,,06/06/2023,,ND,ND,ND,ND,ND,ND,ND,ND,ND,ND,ND,ND,ND,ND,ND,ND,ND,ND,ND,ND,ND,ND,ND,ND,ND,ND,ND,ND,ND,ND
2023 West of Davis,05/06/2023,06/26/2023,ND,ND,ND,ND,ND,ND,before start,ND,05/10/2023,ND,before start,05/09/2023,05/22/2023,ND,05/25/2023,3,06/02/2023,12,06/05/2023,ND,ND,ND,ND,ND,ND,ND,ND,ND,ND,ND,ND,ND,ND,ND,ND,ND,ND,ND,ND,ND
2023 Wind Wolves Preserve site 1,04/07/2023,07/25/2023,ND,ND,05/05/2023,ND,05/06/2023,1,05/17/2023,13,05/31/2023,ND,ND,ND,ND,ND,ND,ND,ND,ND,ND,ND,ND,ND,ND,ND,ND,ND,ND,ND,ND,ND,ND,ND,ND,ND,ND,ND,ND,ND,ND,ND
2023 Wind Wolves Preserve Site 2,04/07/2023,07/25/2023,before start,04/17/2023,05/01/2023,15,05/03/2023,2,05/08/2023,8,06/07/2023,ND,ND,ND,ND,ND,ND,ND,ND,ND,ND,ND,ND,ND,ND,ND,ND,ND,ND,ND,ND,ND,ND,ND,ND,ND,ND,ND,ND,ND,ND,ND
2023 Laguna Seca,01/01/1999,01/01/1999,ND,ND,ND,ND,ND,ND,ND,ND,ND,ND,ND,ND,ND,ND,ND,ND,ND,ND,ND,ND,ND,ND,ND,ND,ND,ND,ND,ND,ND,ND,ND,ND,ND,ND,ND,ND,ND,ND,ND,ND
2022 Colusa NWR T27.1,04/18/2022,08/04/2022,ND,ND,ND,ND,ND,ND,ND,ND,ND,ND,ND,ND,ND,ND,ND,ND,ND,ND,ND,ND,ND,ND,ND,ND,ND,ND,ND,ND,ND,ND,ND,ND,ND,ND,ND,ND,ND,ND,ND,ND
2022 Colusa NWR T27.2,04/18/2022,08/04/2022,ND,before start,05/31/2022,ND,06/04/2022,4,06/13/2022,14,06/19/2022,ND,ND,ND,ND,ND,ND,ND,ND,ND,ND,ND,ND,ND,ND,ND,ND,ND,ND,ND,ND,ND,ND,ND,ND,ND,ND,ND,ND,ND,ND,ND
2022 Conaway East,05/09/2022,06/28/2022,before start,05/11/2022,05/23/2022,13,05/23/2022,0,06/07/2022,16,06/16/2022,ND,ND,ND,ND,ND,ND,ND,ND,ND,ND,ND,ND,ND,ND,ND,ND,ND,ND,ND,ND,ND,ND,ND,ND,ND,ND,ND,ND,ND,ND,ND
2022 Conaway New Easement Pond West,05/11/2022,06/13/2022,ND,ND,ND,ND,ND,ND,ND,ND,ND,ND,ND,ND,ND,ND,ND,ND,ND,ND,ND,ND,ND,ND,ND,ND,ND,ND,ND,ND,ND,ND,ND,ND,ND,ND,ND,ND,ND,ND,ND,ND
2022 Conaway North,05/04/2022,06/28/2022,before start,05/11/2022,05/21/2022,11,05/27/2022,6,06/01/2022,12,06/12/2022,ND,ND,ND,ND,ND,ND,ND,ND,ND,ND,ND,ND,ND,ND,ND,ND,ND,ND,ND,ND,ND,ND,ND,ND,ND,ND,ND,ND,ND,ND,ND
2022 Conaway North A,05/04/2022,06/28/2022,before start,05/11/2022,05/22/2022,12,05/27/2022,5,06/01/2022,11,06/13/2022,ND,ND,ND,ND,ND,ND,ND,ND,ND,ND,ND,ND,ND,ND,ND,ND,ND,ND,ND,ND,ND,ND,ND,ND,ND,ND,ND,ND,ND,ND,ND
2022 Foley Ranch A,04/24/2022,06/06/2022,ND,ND,ND,ND,ND,ND,ND,ND,ND,ND,ND,ND,ND,ND,ND,ND,ND,ND,ND,ND,ND,ND,ND,ND,ND,ND,ND,ND,ND,ND,ND,ND,ND,ND,ND,ND,ND,ND,ND,ND
2022 Foley Ranch B,04/24/2022,06/06/2022,ND,ND,ND,ND,ND,ND,ND,ND,ND,ND,ND,ND,ND,ND,ND,ND,ND,ND,ND,ND,ND,ND,ND,ND,ND,ND,ND,ND,ND,ND,ND,ND,ND,ND,ND,ND,ND,ND,ND,ND
2022 Hay Landfill,02/12/2023,09/09/2022,03/09/2023,04/02/2023,04/12/2023,11,04/15/2023,3,04/27/2023,13,05/07/2022,ND,05/07/2022,05/08/2022,05/19/2022,12,05/29/2022,10,06/01/2022,14,06/01/2022,ND,ND,ND,ND,ND,ND,ND,ND,ND,ND,ND,ND,ND,ND,ND,ND,ND,ND,ND,ND,ND
2022 Laguna Seca,03/20/2022,07/11/2022,03/31/2022,04/05/2022,04/15/2022,11,04/16/2022,1,05/01/2022,16,05/03/2022,ND,05/03/2022,05/09/2022,05/25/2022,17,05/26/2022,1,abandoned,ND,abandoned,06/01/2022,ND,ND,ND,ND,ND,ND,ND,ND,ND,ND,ND,ND,ND,ND,ND,ND,ND,ND,ND,ND
2022 Los Vaqueros Reservoir,04/15/2022,06/08/2022,ND,before start,04/19/2022,ND,04/21/2022,2,05/01/2022,11,05/20/2022,ND,ND,ND,ND,ND,ND,ND,ND,ND,ND,ND,ND,ND,ND,ND,ND,ND,ND,ND,ND,ND,ND,ND,ND,ND,ND,ND,ND,ND,ND,ND
2022 Marsh Creek Reservoir,04/15/2022,09/26/2022,ND,ND,ND,ND,ND,ND,ND,ND,ND,ND,ND,ND,ND,ND,ND,ND,ND,ND,ND,ND,ND,ND,ND,ND,ND,ND,ND,ND,ND,ND,ND,ND,ND,ND,ND,ND,ND,ND,ND,ND
2022 Newberry Springs - Lake Wainani,01/01/1999,01/01/1999,ND,ND,ND,ND,ND,ND,ND,ND,ND,ND,,,,,,,,,,,ND,ND,ND,ND,ND,ND,ND,ND,ND,ND,ND,ND,ND,ND,ND,ND,ND,ND,ND,ND
2022 Ohlone - Santa Lucia Preserve,03/21/2022,08/16/2022,04/13/2022,04/21/2022,05/02/2022,12,ND,ND,05/20/2022,19,05/25/2022,ND,04/29/2022,05/04/2022,05/14/2022,11,ND,ND,05/28/2022,15,05/30/2022,ND,05/14/2022,05/15/2022,05/23/2022,9,ND,ND,06/12/2022,21,06/17/2023,ND,ND,ND,ND,ND,ND,ND,ND,ND,ND,ND
2022 OR1,04/18/2022,06/09/2022,ND,ND,ND,ND,ND,ND,ND,ND,ND,ND,ND,ND,ND,ND,ND,ND,ND,ND,ND,ND,ND,ND,ND,ND,ND,ND,ND,ND,ND,ND,ND,ND,ND,ND,ND,ND,ND,ND,ND,ND
2022 OR2,04/23/2022,06/03/2022,ND,ND,05/27/2022,ND,ND,ND,ND,ND,ND,ND,ND,ND,ND,ND,ND,ND,ND,ND,ND,ND,ND,ND,ND,ND,ND,ND,ND,ND,ND,ND,ND,ND,ND,ND,ND,ND,ND,ND,ND,ND
2022 Paicines Ranch - Teal Pond,04/10/2022,08/06/2022,before start,04/15/2022,04/22/2022,8,ND,ND,05/08/2022,17,05/26/2022,ND,ND,ND,ND,ND,ND,ND,ND,ND,ND,ND,ND,ND,ND,ND,ND,ND,ND,ND,ND,ND,ND,ND,ND,ND,ND,ND,ND,ND,ND,ND
2022 Paicines Ranch - Teal Pond B,04/11/2022,08/03/2022,before start,04/15/2022,04/26/2022,12,04/28/2022,2,05/09/2022,14,06/01/2022,ND,ND,ND,ND,ND,ND,ND,ND,ND,ND,ND,ND,ND,ND,ND,ND,ND,ND,ND,ND,ND,ND,ND,ND,ND,ND,ND,ND,ND,ND,ND
2022 Plumas Arboga East,05/04/2022,06/28/2022,ND,ND,before start,ND,06/07/2022,ND,05/12/2022,ND,06/21/2022,ND,ND,ND,ND,ND,ND,ND,ND,ND,ND,ND,ND,ND,ND,ND,ND,ND,ND,ND,ND,ND,ND,ND,ND,ND,ND,ND,ND,ND,ND,ND
2022 Plumas Arboga West,05/11/2022,06/28/2022,ND,ND,ND,ND,06/07/2022,ND,06/01/2022,ND,06/23/2022,ND,ND,ND,ND,ND,ND,ND,ND,ND,ND,ND,ND,ND,ND,ND,ND,ND,ND,ND,ND,ND,ND,ND,ND,ND,ND,ND,ND,ND,ND,ND
2022 Rancho Jamul,03/02/2022,07/02/2022,ND,ND,04/14/2022,ND,04/21/2022,7,04/27/2022,14,05/28/2022,ND,ND,ND,ND,ND,ND,ND,ND,ND,ND,ND,ND,ND,ND,ND,ND,ND,ND,ND,ND,ND,ND,ND,ND,ND,ND,ND,ND,ND,ND,ND
2022 Sedgwick,03/20/2022,07/12/2022,ND,ND,04/14/2022,ND,04/18/2022,4,04/29/2022,16,05/05/2023,ND,ND,ND,ND,ND,ND,ND,ND,ND,ND,ND,ND,ND,ND,ND,ND,ND,ND,ND,ND,ND,ND,ND,ND,ND,ND,ND,ND,ND,ND,ND
2022 WA1,05/27/2022,08/01/2022,ND,ND,ND,ND,ND,ND,ND,ND,05/30/2022,ND,ND,ND,05/28/2022,ND,ND,ND,06/13/2022,17,ND,ND,ND,ND,ND,ND,ND,ND,ND,ND,ND,ND,ND,ND,ND,ND,ND,ND,ND,ND,ND,ND
2022 Wind Wolves Preserve Santiago Wetlands,02/23/2022,08/17/2022,ND,ND,04/20/2022,ND,ND,ND,05/04/2022,15,06/02/2022,ND,ND,ND,ND,ND,ND,ND,ND,ND,ND,ND,ND,ND,ND,ND,ND,ND,ND,ND,ND,ND,ND,ND,ND,ND,ND,ND,ND,ND,ND,ND
2022 Wind Wolves Preserve Pleitito Creek,03/11/2022,05/26/2022,ND,ND,ND,ND,ND,ND,ND,ND,ND,ND,ND,ND,ND,ND,ND,ND,ND,ND,ND,ND,ND,ND,ND,ND,ND,ND,ND,ND,ND,ND,ND,ND,ND,ND,ND,ND,ND,ND,ND,ND
2022 Baja 1,03/23/2022,07/12/2022,before start,04/05/2022,04/14/2022,10,04/23/2022,9,04/30/2022,17,05/17/2022,ND,ND,ND,ND,ND,ND,ND,ND,ND,ND,ND,ND,ND,ND,ND,ND,ND,ND,ND,ND,ND,ND,ND,ND,ND,ND,ND,ND,ND,ND,ND
2022 Baja 2,03/23/2023,07/16/2023,before start,04/12/2022,04/15/2022,3,04/23/2022,8,04/30/2022,16,05/28/2023,ND,ND,ND,ND,ND,ND,ND,ND,ND,ND,ND,ND,ND,ND,ND,ND,ND,ND,ND,ND,ND,ND,ND,ND,ND,ND,ND,ND,ND,ND,ND
2022 Creed Road,02/13/2022,08/20/2022,03/27/2022,04/15/2022,04/15/2022,1,04/24/2022,9,04/29/2022,15,05/19/2022,ND,ND,ND,ND,ND,ND,ND,ND,ND,ND,ND,ND,ND,ND,ND,ND,ND,ND,ND,ND,ND,ND,ND,ND,ND,ND,ND,ND,ND,ND,ND
2022 Hulen Levee - Silveira,04/19/2022,05/02/2022,ND,ND,before start,ND,04/27/2022,ND,04/25/2022,ND,ND,ND,ND,ND,ND,ND,ND,ND,ND,ND,ND,ND,ND,ND,ND,ND,ND,ND,ND,ND,ND,ND,ND,ND,ND,ND,ND,ND,ND,ND,ND,ND
2022 Hulen Levee - Thistle,04/19/2022,06/03/2022,ND,ND,before start,ND,05/19/2022,ND,05/09/2022,ND,05/25/2022,ND,ND,ND,ND,ND,ND,ND,ND,ND,ND,ND,ND,ND,ND,ND,ND,ND,ND,ND,ND,ND,ND,ND,ND,ND,ND,ND,ND,ND,ND,ND
2022 Panoche Creek Preserve Loc3,03/18/2022,06/23/2022,03/22/2022,04/11/2022,04/20/2022,10,04/23/2022,3,05/03/2022,14,05/16/2022,ND,ND,ND,ND,ND,ND,ND,ND,ND,ND,ND,ND,ND,ND,ND,ND,ND,ND,ND,ND,ND,ND,ND,ND,ND,ND,ND,ND,ND,ND,ND
2022 Panoche Creek Preserve Loc5,04/14/2022,06/23/2022,ND,before start,04/20/2022,ND,04/25/2022,5,05/01/2022,12,05/15/2022,ND,ND,ND,ND,ND,ND,ND,ND,ND,ND,ND,ND,ND,ND,ND,ND,ND,ND,ND,ND,ND,ND,ND,ND,ND,ND,ND,ND,ND,ND,ND
2022 Panoche Creek Preserve Loc4,01/01/1999,01/01/1999,ND,ND,ND,ND,ND,ND,ND,ND,ND,ND,ND,ND,ND,ND,ND,ND,ND,ND,ND,ND,ND,ND,ND,ND,ND,ND,ND,ND,ND,ND,ND,ND,ND,ND,ND,ND,ND,ND,ND,ND
2022 SJWA,05/10/2022,06/27/2022,ND,ND,05/29/2022,ND,06/02/2022,4,06/14/2022,17,06/23/2022,ND,ND,ND,ND,ND,ND,ND,ND,ND,ND,ND,ND,ND,ND,ND,ND,ND,ND,ND,ND,ND,ND,ND,ND,ND,ND,ND,ND,ND,ND,ND
2022 Sandy Mush S Gurr,04/19/2022,06/03/2022,ND,before start,04/30/2022,ND,05/19/2022,19,05/08/2022,9,05/26/2022,ND,ND,ND,ND,ND,ND,ND,ND,ND,ND,ND,ND,ND,ND,ND,ND,ND,ND,ND,ND,ND,ND,ND,ND,ND,ND,ND,ND,ND,ND,ND
2022 WA Harder Spring,03/18/2022,07/13/2022,05/01/2022,05/09/2022,05/18/2022,10,06/12/2022,25,05/30/2022,13,06/10/2022,ND,05/18/2022,05/27/2022,06/07/2022,12,06/12/2022,5,06/16/2022,10,07/03/2022,ND,ND,ND,ND,ND,ND,ND,ND,ND,ND,ND,ND,ND,ND,ND,ND,ND,ND,ND,ND,ND
2021 Colusa NWR 27-1,04/21/2021,06/26/2021,05/11/2021,05/24/2021,06/04/2021,11,06/04/2021,0,after end,ND,06/18/2021,ND,ND,ND,ND,ND,ND,ND,ND,ND,ND,ND,ND,ND,ND,ND,ND,ND,ND,ND,ND,ND,ND,ND,ND,ND,ND,ND,ND,ND,ND,ND
2021 Colusa NWR 27-2,04/21/2021,06/21/2021,05/18/2021,05/30/2021,06/15/2021,16,06/19/2021,4,after end,ND,ND,ND,ND,ND,ND,ND,ND,ND,ND,ND,ND,ND,ND,ND,ND,ND,ND,ND,ND,ND,ND,ND,ND,ND,ND,ND,ND,ND,ND,ND,ND,ND
2021 Conaway East,05/20/2021,07/05/2021,before start,05/28/2021,06/10/2021,13,06/13/2021,3,06/20/2021,11,07/03/2021,ND,ND,ND,ND,ND,ND,ND,ND,ND,ND,ND,ND,ND,ND,ND,ND,ND,ND,ND,ND,ND,ND,ND,ND,ND,ND,ND,ND,ND,ND,ND
2021 Conaway South,05/20/2021,07/05/2021,05/21/2021,05/28/2021,06/10/2021,13,06/11/2021,1,06/23/2021,14,06/29/2021,ND,ND,ND,ND,ND,ND,ND,ND,ND,ND,ND,ND,ND,ND,ND,ND,ND,ND,ND,ND,ND,ND,ND,ND,ND,ND,ND,ND,ND,ND,ND
2021 Conaway West,05/12/2021,06/28/2021,before start,05/20/2021,06/02/2021,13,ND,ND,06/17/2021,16,06/26/2021,ND,ND,ND,ND,ND,ND,ND,ND,ND,ND,ND,ND,ND,ND,ND,ND,ND,ND,ND,ND,ND,ND,ND,ND,ND,ND,ND,ND,ND,ND,ND
2021 Creed Road,02/02/2021,05/12/2021,ND,ND,ND,ND,ND,ND,ND,ND,ND,ND,ND,ND,ND,ND,ND,ND,ND,ND,ND,ND,ND,ND,ND,ND,ND,ND,ND,ND,ND,ND,ND,ND,ND,ND,ND,ND,ND,ND,ND,ND
2021 Dagnino Pond,04/29/2021,07/12/2021,ND,ND,ND,ND,ND,ND,ND,ND,ND,ND,ND,ND,ND,ND,ND,ND,ND,ND,ND,ND,ND,ND,ND,ND,ND,ND,ND,ND,ND,ND,ND,ND,ND,ND,ND,ND,ND,ND,ND,ND
2021 Foley Ranch,05/04/2021,06/14/2021,before start,05/06/2021,05/12/2021,6,05/19/2021,7,05/24/2021,13,06/05/2021,ND,05/23/2021,05/29/2021,ND,ND,ND,ND,ND,ND,ND,ND,ND,ND,ND,ND,ND,ND,ND,ND,ND,ND,ND,ND,ND,ND,ND,ND,ND,ND,ND,ND
2021 Hale Road 2,05/04/2021,06/14/2021,ND,before start,05/14/2021,ND,05/28/2021,14,05/28/2021,15,06/03/2021,ND,ND,ND,ND,ND,ND,ND,ND,ND,ND,ND,ND,ND,ND,ND,ND,ND,ND,ND,ND,ND,ND,ND,ND,ND,ND,ND,ND,ND,ND,ND
2021 Hay Landfill,02/02/2021,05/08/2021,05/31/2021,04/20/2021,04/24/2021,4,05/03/2021,9,ND,ND,ND,ND,ND,ND,ND,ND,ND,ND,ND,ND,ND,ND,ND,ND,ND,ND,ND,ND,ND,ND,ND,ND,ND,ND,ND,ND,ND,ND,ND,ND,ND,ND
2021 Iron Point,02/02/2021,05/14/2021,04/03/2021,04/19/2021,abandoned,ND,04/22/2021,ND,abandoned,ND,abandoned,04/22/2021,ND,ND,ND,ND,ND,ND,ND,ND,ND,ND,ND,ND,ND,ND,ND,ND,ND,ND,ND,ND,ND,ND,ND,ND,ND,ND,ND,ND,ND,ND
2021 Kern 1,04/09/2021,08/05/2021,04/29/2021,05/22/2021,05/31/2021,9,ND,ND,ND,ND,06/23/2021,ND,ND,ND,ND,ND,ND,ND,ND,ND,ND,ND,ND,ND,ND,ND,ND,ND,ND,ND,ND,ND,ND,ND,ND,ND,ND,ND,ND,ND,ND,ND
2021 Kern 2,04/06/2021,07/30/2021,ND,ND,ND,ND,ND,ND,ND,ND,ND,ND,ND,ND,ND,ND,ND,ND,ND,ND,ND,ND,ND,ND,ND,ND,ND,ND,ND,ND,ND,ND,ND,ND,ND,ND,ND,ND,ND,ND,ND,ND
2021 Kern 3,04/06/2021,08/05/2021,ND,ND,ND,ND,ND,ND,ND,ND,ND,ND,ND,ND,ND,ND,ND,ND,ND,ND,ND,ND,ND,ND,ND,ND,ND,ND,ND,ND,ND,ND,ND,ND,ND,ND,ND,ND,ND,ND,ND,ND
2021 Kern 4,04/19/2021,08/10/2021,04/27/2021,05/01/2021,05/11/2021,10,05/11/2021,ND,ND,ND,06/13/2021,ND,ND,ND,ND,ND,ND,ND,ND,ND,ND,ND,ND,ND,ND,ND,ND,ND,ND,ND,ND,ND,ND,ND,ND,ND,ND,ND,ND,ND,ND,ND
2021 Kern 5,04/27/2021,08/17/2021,ND,before start,04/30/2021,ND,05/23/2021,23,05/18/2021,19,06/01/2021,ND,ND,ND,ND,ND,ND,ND,ND,ND,ND,ND,ND,ND,ND,ND,ND,ND,ND,ND,ND,ND,ND,ND,ND,ND,ND,ND,ND,ND,ND,ND
2021 Kern 6,05/01/2021,08/21/2021,ND,ND,ND,ND,ND,ND,ND,ND,ND,ND,ND,ND,ND,ND,ND,ND,ND,ND,ND,ND,ND,ND,ND,ND,ND,ND,ND,ND,ND,ND,ND,ND,ND,ND,ND,ND,ND,ND,ND,ND
2021 Kern 7,05/17/2021,08/31/2021,ND,before start,05/31/2021,ND,06/02/2021,2,ND,ND,ND,06/05/2021,ND,ND,ND,ND,ND,ND,ND,ND,ND,ND,ND,ND,ND,ND,ND,ND,ND,ND,ND,ND,ND,ND,ND,ND,ND,ND,ND,ND,ND,ND
2021 Markham Ravine,04/30/2021,06/23/2021,ND,ND,ND,ND,ND,ND,ND,ND,ND,ND,ND,ND,ND,ND,ND,ND,ND,ND,ND,ND,ND,ND,ND,ND,ND,ND,ND,ND,ND,ND,ND,ND,ND,ND,ND,ND,ND,ND,ND,ND
2021 Orchard Creek,04/19/2021,06/13/2021,before start,04/21/2021,05/02/2021,11,05/05/2021,3,05/12/2021,11,05/14/2021,ND,ND,ND,ND,ND,ND,ND,ND,ND,ND,ND,ND,ND,ND,ND,ND,ND,ND,ND,ND,ND,ND,ND,ND,ND,ND,ND,ND,ND,ND,ND
2021 Panoche Creek Preserve 2E,04/01/2021,07/14/2021,04/07/2021,04/18/2021,04/30/2021,12,05/08/2021,8,05/18/2021,19,05/22/2022,ND,ND,ND,ND,ND,ND,ND,ND,ND,ND,ND,ND,ND,ND,ND,ND,ND,ND,ND,ND,ND,ND,ND,ND,ND,ND,ND,ND,ND,ND,ND
2021 Panoche Creek Preserve 1W,04/01/2021,07/14/2021,04/07/2021,04/18/2021,05/02/2021,14,05/05/2021,3,05/24/2021,23,05/25/2022,ND,ND,ND,ND,ND,ND,ND,ND,ND,ND,ND,ND,ND,ND,ND,ND,ND,ND,ND,ND,ND,ND,ND,ND,ND,ND,ND,ND,ND,ND,ND
2021 Plumas Arboga,05/14/2021,06/04/2021,before start,05/15/2021,05/26/2021,11,06/01/2021,6,ND,ND,ND,ND,ND,ND,ND,ND,ND,ND,ND,ND,ND,ND,ND,ND,ND,ND,ND,ND,ND,ND,ND,ND,ND,ND,ND,ND,ND,ND,ND,ND,ND,ND
2021 Reeds Creek North,05/04/2021,05/20/2021,ND,ND,ND,ND,05/16/2021,ND,ND,ND,ND,05/17/2021,ND,ND,ND,ND,ND,ND,ND,ND,ND,ND,ND,ND,ND,ND,ND,ND,ND,ND,ND,ND,ND,ND,ND,ND,ND,ND,ND,ND,ND,ND
2021 Reeds Creek South,05/04/2021,05/20/2021,ND,ND,05/18/2021,ND,05/20/2021,2,ND,ND,ND,ND,ND,ND,ND,ND,ND,ND,ND,ND,ND,ND,ND,ND,ND,ND,ND,ND,ND,ND,ND,ND,ND,ND,ND,ND,ND,ND,ND,ND,ND,ND
2021 Rodeo Grounds 1,04/19/2021,07/04/2021,before start,04/23/2021,05/01/2021,8,05/03/2021,2,05/15/2021,15,05/24/2021,ND,05/04/2021,05/15/2021,05/24/2021,10,05/31/2021,7,06/03/2021,11,06/17/2021,ND,ND,ND,ND,ND,ND,ND,ND,ND,ND,ND,ND,ND,ND,ND,ND,ND,ND,ND,ND,ND
2021 Rush Ranch,02/02/2021,05/13/2021,ND,ND,ND,ND,ND,ND,ND,ND,ND,ND,ND,ND,ND,ND,ND,ND,ND,ND,ND,ND,ND,ND,ND,ND,ND,ND,ND,ND,ND,ND,ND,ND,ND,ND,ND,ND,ND,ND,ND,ND
2021 Sedgwick,03/06/2021,05/08/2021,04/05/2021,04/15/2021,04/28/2021,13,05/01/2021,3,ND,ND,ND,ND,ND,ND,ND,ND,ND,ND,ND,ND,ND,ND,ND,ND,ND,ND,ND,ND,ND,ND,ND,ND,ND,ND,ND,ND,ND,ND,ND,ND,ND,ND
2021 Willey Wetlands 1,06/10/2021,08/17/2021,ND,before start,06/20/2021,ND,06/22/2021,2,07/07/2021,18,07/11/2021,ND,ND,ND,ND,ND,ND,ND,ND,ND,ND,ND,ND,ND,ND,ND,ND,ND,ND,ND,ND,ND,ND,ND,ND,ND,ND,ND,ND,ND,ND,ND
2021 Willey Wetlands 2,06/10/2021,08/17/2021,ND,before start,06/12/2021,ND,06/21/2021,9,06/28/2021,17,07/05/2022,ND,ND,ND,ND,ND,ND,ND,ND,ND,ND,ND,ND,ND,ND,ND,ND,ND,ND,ND,ND,ND,ND,ND,ND,ND,ND,ND,ND,ND,ND,ND
2021 Willey Wetlands 3,06/10/2021,08/15/2021,ND,ND,ND,ND,06/19/2021,ND,06/24/2021,ND,07/06/2022,ND,ND,ND,ND,ND,ND,ND,ND,ND,ND,ND,ND,ND,ND,ND,ND,ND,ND,ND,ND,ND,ND,ND,ND,ND,ND,ND,ND,ND,ND,ND
2021 Wind Wolves Preserve,04/14/2021,07/20/2021,04/23/2021,05/01/2021,05/14/2021,13,05/22/2021,8,05/28/2021,15,06/06/2022,ND,ND,ND,ND,ND,ND,ND,ND,ND,ND,ND,ND,ND,ND,ND,ND,ND,ND,ND,ND,ND,ND,ND,ND,ND,ND,ND,ND,ND,ND,ND
2021 SJWA,06/02/2021,06/30/2021,before start,06/05/2021,06/15/2021,10,06/17/2021,2,abandoned,ND,abandoned,06/23/2021,ND,ND,ND,ND,ND,ND,ND,ND,ND,ND,ND,ND,ND,ND,ND,ND,ND,ND,ND,ND,ND,ND,ND,ND,ND,ND,ND,ND,ND,ND
2021 Rancho Jamul,01/01/1999,01/01/1999,ND,ND,ND,ND,ND,ND,ND,ND,ND,ND,ND,ND,ND,ND,ND,ND,ND,ND,ND,ND,ND,ND,ND,ND,ND,ND,ND,ND,ND,ND,ND,ND,ND,ND,ND,ND,ND,ND,ND,ND
2020 Creed Road,01/01/1999,01/01/1999,ND,ND,ND,ND,ND,ND,ND,ND,ND,ND,ND,ND,ND,ND,ND,ND,ND,ND,ND,ND,ND,ND,ND,ND,ND,ND,ND,ND,ND,ND,ND,ND,ND,ND,ND,ND,ND,ND,ND,ND
2020 Fort Ord,01/01/1999,01/01/1999,ND,ND,ND,ND,ND,ND,ND,ND,ND,ND,ND,ND,ND,ND,ND,ND,ND,ND,ND,ND,ND,ND,ND,ND,ND,ND,ND,ND,ND,ND,ND,ND,ND,ND,ND,ND,ND,ND,ND,ND
2020 Hay Landfill,01/01/1999,01/01/1999,ND,ND,ND,ND,ND,ND,ND,ND,ND,ND,ND,ND,ND,ND,ND,ND,ND,ND,ND,ND,ND,ND,ND,ND,ND,ND,ND,ND,ND,ND,ND,ND,ND,ND,ND,ND,ND,ND,ND,ND
2020 Iron Point,01/01/1999,01/01/1999,ND,ND,ND,ND,ND,ND,ND,ND,ND,ND,ND,ND,ND,ND,ND,ND,ND,ND,ND,ND,ND,ND,ND,ND,ND,ND,ND,ND,ND,ND,ND,ND,ND,ND,ND,ND,ND,ND,ND,ND
2020 Markham Ravine,01/01/1999,01/01/1999,ND,ND,ND,ND,ND,ND,ND,ND,ND,ND,ND,ND,ND,ND,ND,ND,ND,ND,ND,ND,ND,ND,ND,ND,ND,ND,ND,ND,ND,ND,ND,ND,ND,ND,ND,ND,ND,ND,ND,ND
2020 Ohlone - Santa Lucia Preserve,01/01/1999,01/01/1999,ND,ND,ND,ND,ND,ND,ND,ND,ND,ND,ND,ND,ND,ND,ND,ND,ND,ND,ND,ND,ND,ND,ND,ND,ND,ND,ND,ND,ND,ND,ND,ND,ND,ND,ND,ND,ND,ND,ND,ND
2020 Rush Ranch,01/01/1999,01/01/1999,ND,ND,ND,ND,ND,ND,ND,ND,ND,ND,ND,ND,ND,ND,ND,ND,ND,ND,ND,ND,ND,ND,ND,ND,ND,ND,ND,ND,ND,ND,ND,ND,ND,ND,ND,ND,ND,ND,ND,ND
2019 Colusa NWR 27-1,01/01/1999,01/01/1999,ND,ND,ND,ND,ND,ND,ND,ND,ND,ND,ND,ND,ND,ND,ND,ND,ND,ND,ND,ND,ND,ND,ND,ND,ND,ND,ND,ND,ND,ND,ND,ND,ND,ND,ND,ND,ND,ND,ND,ND
2019 Colusa NWR 27-1 AM,01/01/1999,01/01/1999,ND,ND,ND,ND,ND,ND,ND,ND,ND,ND,ND,ND,ND,ND,ND,ND,ND,ND,ND,ND,ND,ND,ND,ND,ND,ND,ND,ND,ND,ND,ND,ND,ND,ND,ND,ND,ND,ND,ND,ND
2019 Colusa NWR 27-1 telemetry station AM,01/01/1999,01/01/1999,ND,ND,ND,ND,ND,ND,ND,ND,ND,ND,ND,ND,ND,ND,ND,ND,ND,ND,ND,ND,ND,ND,ND,ND,ND,ND,ND,ND,ND,ND,ND,ND,ND,ND,ND,ND,ND,ND,ND,ND
2019 Colusa NWR 27-2,01/01/1999,01/01/1999,ND,ND,ND,ND,ND,ND,ND,ND,ND,ND,ND,ND,ND,ND,ND,ND,ND,ND,ND,ND,ND,ND,ND,ND,ND,ND,ND,ND,ND,ND,ND,ND,ND,ND,ND,ND,ND,ND,ND,ND
2019 Colusa NWR 27-2 AM,01/01/1999,01/01/1999,ND,ND,ND,ND,ND,ND,ND,ND,ND,ND,ND,ND,ND,ND,ND,ND,ND,ND,ND,ND,ND,ND,ND,ND,ND,ND,ND,ND,ND,ND,ND,ND,ND,ND,ND,ND,ND,ND,ND,ND
2019 Creed Road,01/01/1999,01/01/1999,ND,ND,ND,ND,ND,ND,ND,ND,ND,ND,ND,ND,ND,ND,ND,ND,ND,ND,ND,ND,ND,ND,ND,ND,ND,ND,ND,ND,ND,ND,ND,ND,ND,ND,ND,ND,ND,ND,ND,ND
2019 Hay Landfill,01/01/1999,01/01/1999,ND,ND,ND,ND,ND,ND,ND,ND,ND,ND,ND,ND,ND,ND,ND,ND,ND,ND,ND,ND,ND,ND,ND,ND,ND,ND,ND,ND,ND,ND,ND,ND,ND,ND,ND,ND,ND,ND,ND,ND
2019 Iron Point,01/01/1999,01/01/1999,ND,ND,ND,ND,ND,ND,ND,ND,ND,ND,ND,ND,ND,ND,ND,ND,ND,ND,ND,ND,ND,ND,ND,ND,ND,ND,ND,ND,ND,ND,ND,ND,ND,ND,ND,ND,ND,ND,ND,ND
2019 Iron Point AM,01/01/1999,01/01/1999,ND,ND,ND,ND,ND,ND,ND,ND,ND,ND,ND,ND,ND,ND,ND,ND,ND,ND,ND,ND,ND,ND,ND,ND,ND,ND,ND,ND,ND,ND,ND,ND,ND,ND,ND,ND,ND,ND,ND,ND
2019 Laguna Seca,01/01/1999,01/01/1999,ND,ND,ND,ND,ND,ND,ND,ND,ND,ND,ND,ND,ND,ND,ND,ND,ND,ND,ND,ND,ND,ND,ND,ND,ND,ND,ND,ND,ND,ND,ND,ND,ND,ND,ND,ND,ND,ND,ND,ND
2019 Laguna Seca AM,01/01/1999,01/01/1999,ND,ND,ND,ND,ND,ND,ND,ND,ND,ND,ND,ND,ND,ND,ND,ND,ND,ND,ND,ND,ND,ND,ND,ND,ND,ND,ND,ND,ND,ND,ND,ND,ND,ND,ND,ND,ND,ND,ND,ND
2019 Leisure Town AM,01/01/1999,01/01/1999,ND,ND,ND,ND,ND,ND,ND,ND,ND,ND,ND,ND,ND,ND,ND,ND,ND,ND,ND,ND,ND,ND,ND,ND,ND,ND,ND,ND,ND,ND,ND,ND,ND,ND,ND,ND,ND,ND,ND,ND
2019 Markham Ravine,01/01/1999,01/01/1999,ND,ND,ND,ND,ND,ND,ND,ND,ND,ND,ND,ND,ND,ND,ND,ND,ND,ND,ND,ND,ND,ND,ND,ND,ND,ND,ND,ND,ND,ND,ND,ND,ND,ND,ND,ND,ND,ND,ND,ND
2019 Markham Ravine 2,01/01/1999,01/01/1999,ND,ND,ND,ND,ND,ND,ND,ND,ND,ND,ND,ND,ND,ND,ND,ND,ND,ND,ND,ND,ND,ND,ND,ND,ND,ND,ND,ND,ND,ND,ND,ND,ND,ND,ND,ND,ND,ND,ND,ND
2019 Markham Ravine 2 AM,01/01/1999,01/01/1999,ND,ND,ND,ND,ND,ND,ND,ND,ND,ND,ND,ND,ND,ND,ND,ND,ND,ND,ND,ND,ND,ND,ND,ND,ND,ND,ND,ND,ND,ND,ND,ND,ND,ND,ND,ND,ND,ND,ND,ND
2019 Markham Ravine AM,01/01/1999,01/01/1999,ND,ND,ND,ND,ND,ND,ND,ND,ND,ND,ND,ND,ND,ND,ND,ND,ND,ND,ND,ND,ND,ND,ND,ND,ND,ND,ND,ND,ND,ND,ND,ND,ND,ND,ND,ND,ND,ND,ND,ND
2019 Ohlone - Santa Lucia Preserve,01/01/1999,01/01/1999,ND,ND,ND,ND,ND,ND,ND,ND,ND,ND,ND,ND,ND,ND,ND,ND,ND,ND,ND,ND,ND,ND,ND,ND,ND,ND,ND,ND,ND,ND,ND,ND,ND,ND,ND,ND,ND,ND,ND,ND
2019 Ohlone - Santa Lucia Preserve - AM,01/01/1999,01/01/1999,ND,ND,ND,ND,ND,ND,ND,ND,ND,ND,ND,ND,ND,ND,ND,ND,ND,ND,ND,ND,ND,ND,ND,ND,ND,ND,ND,ND,ND,ND,ND,ND,ND,ND,ND,ND,ND,ND,ND,ND
2019 Ohlone - Santa Lucia Preserve try 2,01/01/1999,01/01/1999,ND,ND,ND,ND,ND,ND,ND,ND,ND,ND,ND,ND,ND,ND,ND,ND,ND,ND,ND,ND,ND,ND,ND,ND,ND,ND,ND,ND,ND,ND,ND,ND,ND,ND,ND,ND,ND,ND,ND,ND
2019 Rush Ranch,01/01/1999,01/01/1999,ND,ND,ND,ND,ND,ND,ND,ND,ND,ND,ND,ND,ND,ND,ND,ND,ND,ND,ND,ND,ND,ND,ND,ND,ND,ND,ND,ND,ND,ND,ND,ND,ND,ND,ND,ND,ND,ND,ND,ND
2019 Rush Ranch LG,01/01/1999,01/01/1999,ND,ND,ND,ND,ND,ND,ND,ND,ND,ND,ND,ND,ND,ND,ND,ND,ND,ND,ND,ND,ND,ND,ND,ND,ND,ND,ND,ND,ND,ND,ND,ND,ND,ND,ND,ND,ND,ND,ND,ND
2018 Iron Point,01/01/1999,01/01/1999,ND,ND,ND,ND,ND,ND,ND,ND,ND,ND,ND,ND,ND,ND,ND,ND,ND,ND,ND,ND,ND,ND,ND,ND,ND,ND,ND,ND,ND,ND,ND,ND,ND,ND,ND,ND,ND,ND,ND,ND
2018 Markham Ravine,01/01/1999,01/01/1999,ND,ND,ND,ND,ND,ND,ND,ND,ND,ND,ND,ND,ND,ND,ND,ND,ND,ND,ND,ND,ND,ND,ND,ND,ND,ND,ND,ND,ND,ND,ND,ND,ND,ND,ND,ND,ND,ND,ND,ND
2018 Markham Ravine westside,01/01/1999,01/01/1999,ND,ND,ND,ND,ND,ND,ND,ND,ND,ND,ND,ND,ND,ND,ND,ND,ND,ND,ND,ND,ND,ND,ND,ND,ND,ND,ND,ND,ND,ND,ND,ND,ND,ND,ND,ND,ND,ND,ND,ND
2018 Red Wing Ranch,01/01/1999,01/01/1999,ND,ND,ND,ND,ND,ND,ND,ND,ND,ND,ND,ND,ND,ND,ND,ND,ND,ND,ND,ND,ND,ND,ND,ND,ND,ND,ND,ND,ND,ND,ND,ND,ND,ND,ND,ND,ND,ND,ND,ND
2018 Rush Ranch,01/01/1999,01/01/1999,ND,ND,ND,ND,ND,ND,ND,ND,ND,ND,ND,ND,ND,ND,ND,ND,ND,ND,ND,ND,ND,ND,ND,ND,ND,ND,ND,ND,ND,ND,ND,ND,ND,ND,ND,ND,ND,ND,ND,ND
2018 SJWA-rose-1,01/01/1999,01/01/1999,ND,ND,ND,ND,ND,ND,ND,ND,ND,ND,ND,ND,ND,ND,ND,ND,ND,ND,ND,ND,ND,ND,ND,ND,ND,ND,ND,ND,ND,ND,ND,ND,ND,ND,ND,ND,ND,ND,ND,ND
2018 SJWA-rose-2,01/01/1999,01/01/1999,ND,ND,ND,ND,ND,ND,ND,ND,ND,ND,ND,ND,ND,ND,ND,ND,ND,ND,ND,ND,ND,ND,ND,ND,ND,ND,ND,ND,ND,ND,ND,ND,ND,ND,ND,ND,ND,ND,ND,ND
2017 Rush Ranch,01/01/1999,01/01/1999,ND,ND,ND,ND,ND,ND,ND,ND,ND,ND,ND,ND,ND,ND,ND,ND,ND,ND,ND,ND,ND,ND,ND,ND,ND,ND,ND,ND,ND,ND,ND,ND,ND,ND,ND,ND,ND,ND,ND,ND