soundscape_id,name,playlist_id,playlist_name,date_created,user_id,aggregation_type,bin_size,frequency,threshold,threshold_type,normalized,min_time_bucket,max_time_bucket,max_frequency,url
1319,4-1 to 4-8,2626,Settling 4-1 to 4-8,06/09/2017 21:40:09,560,time_of_day,86,0,0.02,absolute,1,0,23,22050,https://arbimon2.s3.us-east-1.amazonaws.com/project_1149/soundscapes/1319/image.png?X-Amz-Algorithm=AWS4-HMAC-SHA256&X-Amz-Content-Sha256=UNSIGNED-PAYLOAD&X-Amz-Credential=AKIA45B7YWBX5HAZMGOU%2F20250902%2Fus-east-1%2Fs3%2Faws4_request&X-Amz-Date=20250902T170402Z&X-Amz-Expires=604800&X-Amz-Signature=b70f771db15777e44f5dfbcb8ffd2578916d733e8328168514fd49a9561dbcc6&X-Amz-SignedHeaders=host&response-content-disposition=attachment%3B%20filename%3Dimage.png&x-id=GetObject
1320,4-30 to 5-6,2627,Incubating 1 4-29 to 5-5,06/09/2017 21:51:10,560,time_of_day,86,0,0.02,absolute,1,0,23,22050,https://arbimon2.s3.us-east-1.amazonaws.com/project_1149/soundscapes/1320/image.png?X-Amz-Algorithm=AWS4-HMAC-SHA256&X-Amz-Content-Sha256=UNSIGNED-PAYLOAD&X-Amz-Credential=AKIA45B7YWBX5HAZMGOU%2F20250902%2Fus-east-1%2Fs3%2Faws4_request&X-Amz-Date=20250902T170402Z&X-Amz-Expires=604800&X-Amz-Signature=414d3ff9165d0879b207155e4699c2cb4d87bd16443dd192868135652ef81cce&X-Amz-SignedHeaders=host&response-content-disposition=attachment%3B%20filename%3Dimage.png&x-id=GetObject
1321,5-14 to 5-20,2628,Nestlings,06/09/2017 21:51:34,560,time_of_day,86,0,0.02,absolute,1,0,23,22050,https://arbimon2.s3.us-east-1.amazonaws.com/project_1149/soundscapes/1321/image.png?X-Amz-Algorithm=AWS4-HMAC-SHA256&X-Amz-Content-Sha256=UNSIGNED-PAYLOAD&X-Amz-Credential=AKIA45B7YWBX5HAZMGOU%2F20250902%2Fus-east-1%2Fs3%2Faws4_request&X-Amz-Date=20250902T170402Z&X-Amz-Expires=604800&X-Amz-Signature=ce6d70fe2d14f0cf108aab4a72bfdfc88f3fa7b84a00cfd417304ad455964e00&X-Amz-SignedHeaders=host&response-content-disposition=attachment%3B%20filename%3Dimage.png&x-id=GetObject
1322,TRBL by Days test,2643,week 2,06/10/2017 17:12:01,560,day_of_year,86,0,0,absolute,0,1,366,22050,https://arbimon2.s3.us-east-1.amazonaws.com/project_1149/soundscapes/1322/image.png?X-Amz-Algorithm=AWS4-HMAC-SHA256&X-Amz-Content-Sha256=UNSIGNED-PAYLOAD&X-Amz-Credential=AKIA45B7YWBX5HAZMGOU%2F20250902%2Fus-east-1%2Fs3%2Faws4_request&X-Amz-Date=20250902T170402Z&X-Amz-Expires=604800&X-Amz-Signature=d4c62f9b234028d1dae4ebfa4d155e5b0e722c2e4afbaacfdad03c9c41f7e01c&X-Amz-SignedHeaders=host&response-content-disposition=attachment%3B%20filename%3Dimage.png&x-id=GetObject
1323,Day only test,2645,day only test,06/10/2017 18:11:46,560,day_of_year,86,0,0.050000001,absolute,1,1,366,22050,https://arbimon2.s3.us-east-1.amazonaws.com/project_1149/soundscapes/1323/image.png?X-Amz-Algorithm=AWS4-HMAC-SHA256&X-Amz-Content-Sha256=UNSIGNED-PAYLOAD&X-Amz-Credential=AKIA45B7YWBX5HAZMGOU%2F20250902%2Fus-east-1%2Fs3%2Faws4_request&X-Amz-Date=20250902T170402Z&X-Amz-Expires=604800&X-Amz-Signature=d7023e05810b27ec7fec643eef25c2dc2ca590ba3dccde89ed3c6a347af16776&X-Amz-SignedHeaders=host&response-content-disposition=attachment%3B%20filename%3Dimage.png&x-id=GetObject
1450,Day only 2 1-366,2683,Day only 2,06/15/2017 01:23:13,560,day_of_year,86,0,0.100000001,absolute,1,1,366,22050,https://arbimon2.s3.us-east-1.amazonaws.com/project_1149/soundscapes/1450/image.png?X-Amz-Algorithm=AWS4-HMAC-SHA256&X-Amz-Content-Sha256=UNSIGNED-PAYLOAD&X-Amz-Credential=AKIA45B7YWBX5HAZMGOU%2F20250902%2Fus-east-1%2Fs3%2Faws4_request&X-Amz-Date=20250902T170402Z&X-Amz-Expires=604800&X-Amz-Signature=0b6dd9a99a9ad254cc9148052afc4efb34a40cc574c5b95737dcb074c3b1577f&X-Amz-SignedHeaders=host&response-content-disposition=attachment%3B%20filename%3Dimage.png&x-id=GetObject
1771,mar2-jul14_day,3119,mar2_through_jul14_day,07/16/2017 03:28:34,560,day_of_year,86,0,0.028999999,absolute,1,1,366,22050,https://arbimon2.s3.us-east-1.amazonaws.com/project_1149/soundscapes/1771/image.png?X-Amz-Algorithm=AWS4-HMAC-SHA256&X-Amz-Content-Sha256=UNSIGNED-PAYLOAD&X-Amz-Credential=AKIA45B7YWBX5HAZMGOU%2F20250902%2Fus-east-1%2Fs3%2Faws4_request&X-Amz-Date=20250902T170402Z&X-Amz-Expires=604800&X-Amz-Signature=269d4c37229ef710423d4e978812432452fc43f6cdf2a2b4117d238a0d44e9ce&X-Amz-SignedHeaders=host&response-content-disposition=attachment%3B%20filename%3Dimage.png&x-id=GetObject
2066,all days 5am-9pm,3896,5am-9pm,10/01/2017 20:00:44,560,day_of_year,21,0,0.100000001,absolute,0,1,366,22050,https://arbimon2.s3.us-east-1.amazonaws.com/project_1149/soundscapes/2066/image.png?X-Amz-Algorithm=AWS4-HMAC-SHA256&X-Amz-Content-Sha256=UNSIGNED-PAYLOAD&X-Amz-Credential=AKIA45B7YWBX5HAZMGOU%2F20250902%2Fus-east-1%2Fs3%2Faws4_request&X-Amz-Date=20250902T170402Z&X-Amz-Expires=604800&X-Amz-Signature=d52eda562d3fce847f5f0b065ecbdb7d41d733503e612d2941016989bc1efec0&X-Amz-SignedHeaders=host&response-content-disposition=attachment%3B%20filename%3Dimage.png&x-id=GetObject
2170,Week 1,2642,Week1,10/03/2017 17:29:41,560,time_of_day,21,0,0.032000002,absolute,1,0,23,22050,https://arbimon2.s3.us-east-1.amazonaws.com/project_1149/soundscapes/2170/image.png?X-Amz-Algorithm=AWS4-HMAC-SHA256&X-Amz-Content-Sha256=UNSIGNED-PAYLOAD&X-Amz-Credential=AKIA45B7YWBX5HAZMGOU%2F20250902%2Fus-east-1%2Fs3%2Faws4_request&X-Amz-Date=20250902T170402Z&X-Amz-Expires=604800&X-Amz-Signature=a8fe5733f297a0519d8e079e9bc6ddca2199aa7730b6a22b1ce359ad03dec34b&X-Amz-SignedHeaders=host&response-content-disposition=attachment%3B%20filename%3Dimage.png&x-id=GetObject
2255,Mar15-Mar25 hourly analysis of males singing,4161,Mar15-Mar25,10/23/2017 20:35:54,560,time_of_day,21,0,0.287999988,absolute,1,0,23,22050,https://arbimon2.s3.us-east-1.amazonaws.com/project_1149/soundscapes/2255/image.png?X-Amz-Algorithm=AWS4-HMAC-SHA256&X-Amz-Content-Sha256=UNSIGNED-PAYLOAD&X-Amz-Credential=AKIA45B7YWBX5HAZMGOU%2F20250902%2Fus-east-1%2Fs3%2Faws4_request&X-Amz-Date=20250902T170402Z&X-Amz-Expires=604800&X-Amz-Signature=ee4e624ffefaa2f0ef121aafd99cdb0cbde2458b093eaa1abf246651e7eaa12b&X-Amz-SignedHeaders=host&response-content-disposition=attachment%3B%20filename%3Dimage.png&x-id=GetObject
3376,IP Apr 2018,5616,IP April,05/01/2018 16:11:54,560,day_of_year,86,0,0,relative-to-peak-maximum,1,1,366,22050,https://arbimon2.s3.us-east-1.amazonaws.com/project_1149/soundscapes/3376/image.png?X-Amz-Algorithm=AWS4-HMAC-SHA256&X-Amz-Content-Sha256=UNSIGNED-PAYLOAD&X-Amz-Credential=AKIA45B7YWBX5HAZMGOU%2F20250902%2Fus-east-1%2Fs3%2Faws4_request&X-Amz-Date=20250902T170402Z&X-Amz-Expires=604800&X-Amz-Signature=1768aab0f3c3d765910c3a21544f5444a5baebcde35477743e18350e7826c76a&X-Amz-SignedHeaders=host&response-content-disposition=attachment%3B%20filename%3Dimage.png&x-id=GetObject
3377,RR 2018 thru Apr,5617,RR 2018 thru Apr,05/01/2018 18:02:26,560,day_of_year,21,0,0.029999999,absolute,0,1,366,22050,https://arbimon2.s3.us-east-1.amazonaws.com/project_1149/soundscapes/3377/image.png?X-Amz-Algorithm=AWS4-HMAC-SHA256&X-Amz-Content-Sha256=UNSIGNED-PAYLOAD&X-Amz-Credential=AKIA45B7YWBX5HAZMGOU%2F20250902%2Fus-east-1%2Fs3%2Faws4_request&X-Amz-Date=20250902T170402Z&X-Amz-Expires=604800&X-Amz-Signature=ae9567e73cc3b071cb99b70d1d4ef961e9a53fcee986b9e881be855edbbd9f37&X-Amz-SignedHeaders=host&response-content-disposition=attachment%3B%20filename%3Dimage.png&x-id=GetObject
3558,PC thru 5-29,5845,PC soundscape thru 5-29,05/29/2018 23:28:20,560,day_of_year,86,0,0.016000001,relative-to-peak-maximum,0,1,366,22050,https://arbimon2.s3.us-east-1.amazonaws.com/project_1149/soundscapes/3558/image.png?X-Amz-Algorithm=AWS4-HMAC-SHA256&X-Amz-Content-Sha256=UNSIGNED-PAYLOAD&X-Amz-Credential=AKIA45B7YWBX5HAZMGOU%2F20250902%2Fus-east-1%2Fs3%2Faws4_request&X-Amz-Date=20250902T170402Z&X-Amz-Expires=604800&X-Amz-Signature=479904916e19e14b923eaa35f8f89b4d85e64db044291ffc3250c790f3449c75&X-Amz-SignedHeaders=host&response-content-disposition=attachment%3B%20filename%3Dimage.png&x-id=GetObject
3597,IP try 3,6139,Iron Point day,06/29/2018 14:06:49,560,day_of_year,21,0,0.002,relative-to-peak-maximum,0,1,366,22050,https://arbimon2.s3.us-east-1.amazonaws.com/project_1149/soundscapes/3597/image.png?X-Amz-Algorithm=AWS4-HMAC-SHA256&X-Amz-Content-Sha256=UNSIGNED-PAYLOAD&X-Amz-Credential=AKIA45B7YWBX5HAZMGOU%2F20250902%2Fus-east-1%2Fs3%2Faws4_request&X-Amz-Date=20250902T170402Z&X-Amz-Expires=604800&X-Amz-Signature=9e37a600e4f6a7d58da0cd246d99f0c91c6b523929ef992d5e85cfbfef2bede2&X-Amz-SignedHeaders=host&response-content-disposition=attachment%3B%20filename%3Dimage.png&x-id=GetObject
3611,Iron Point Hourly,6191,Iron Point Hourly,07/05/2018 14:45:28,560,day_of_year,21,0,0.001,relative-to-peak-maximum,1,1,366,22050,https://arbimon2.s3.us-east-1.amazonaws.com/project_1149/soundscapes/3611/image.png?X-Amz-Algorithm=AWS4-HMAC-SHA256&X-Amz-Content-Sha256=UNSIGNED-PAYLOAD&X-Amz-Credential=AKIA45B7YWBX5HAZMGOU%2F20250902%2Fus-east-1%2Fs3%2Faws4_request&X-Amz-Date=20250902T170402Z&X-Amz-Expires=604800&X-Amz-Signature=f92e3712607942d24cc1557f660d9e0fa20121955f05584a2636e5857d44d43d&X-Amz-SignedHeaders=host&response-content-disposition=attachment%3B%20filename%3Dimage.png&x-id=GetObject
3647,PC02 thru 7/4,6194,PC02 5a-8p thru 7/4,07/09/2018 02:26:11,560,day_of_year,21,0,0.001,relative-to-peak-maximum,0,1,366,22050,https://arbimon2.s3.us-east-1.amazonaws.com/project_1149/soundscapes/3647/image.png?X-Amz-Algorithm=AWS4-HMAC-SHA256&X-Amz-Content-Sha256=UNSIGNED-PAYLOAD&X-Amz-Credential=AKIA45B7YWBX5HAZMGOU%2F20250902%2Fus-east-1%2Fs3%2Faws4_request&X-Amz-Date=20250902T170402Z&X-Amz-Expires=604800&X-Amz-Signature=48aea0fdfe1d3cd106d1f52c5a928ef0b7d80a2f7e4d54774e5796cffef427fa&X-Amz-SignedHeaders=host&response-content-disposition=attachment%3B%20filename%3Dimage.png&x-id=GetObject
3704,RR 2018,6317,RR 2018 5:00-20:40,07/22/2018 16:43:16,560,day_of_year,21,0,0.286000013,absolute,1,1,366,22050,https://arbimon2.s3.us-east-1.amazonaws.com/project_1149/soundscapes/3704/image.png?X-Amz-Algorithm=AWS4-HMAC-SHA256&X-Amz-Content-Sha256=UNSIGNED-PAYLOAD&X-Amz-Credential=AKIA45B7YWBX5HAZMGOU%2F20250902%2Fus-east-1%2Fs3%2Faws4_request&X-Amz-Date=20250902T170402Z&X-Amz-Expires=604800&X-Amz-Signature=3c8524599ef17537d8cb5d5dd60f6cdb723126edf9467adc809b7c02aca5a208&X-Amz-SignedHeaders=host&response-content-disposition=attachment%3B%20filename%3Dimage.png&x-id=GetObject
5268,RR 2018 7-7,8628,RR 2018 7-7,04/04/2019 03:18:25,560,day_of_year,86,0,0,absolute,1,1,366,22050,https://arbimon2.s3.us-east-1.amazonaws.com/project_1149/soundscapes/5268/image.png?X-Amz-Algorithm=AWS4-HMAC-SHA256&X-Amz-Content-Sha256=UNSIGNED-PAYLOAD&X-Amz-Credential=AKIA45B7YWBX5HAZMGOU%2F20250902%2Fus-east-1%2Fs3%2Faws4_request&X-Amz-Date=20250902T170402Z&X-Amz-Expires=604800&X-Amz-Signature=c2e6d7b19db5dafd31574eab488fbdc28e78e1c1e9223a10c62ad59525545c1d&X-Amz-SignedHeaders=host&response-content-disposition=attachment%3B%20filename%3Dimage.png&x-id=GetObject
5269,RR2018 7-7,8628,RR 2018 7-7,04/04/2019 03:21:52,560,day_of_year,86,0,0,relative-to-peak-maximum,1,1,366,22050,https://arbimon2.s3.us-east-1.amazonaws.com/project_1149/soundscapes/5269/image.png?X-Amz-Algorithm=AWS4-HMAC-SHA256&X-Amz-Content-Sha256=UNSIGNED-PAYLOAD&X-Amz-Credential=AKIA45B7YWBX5HAZMGOU%2F20250902%2Fus-east-1%2Fs3%2Faws4_request&X-Amz-Date=20250902T170402Z&X-Amz-Expires=604800&X-Amz-Signature=db7168583479af346f439f829d2d3a435570586136bdc7511237843edcd6bb6d&X-Amz-SignedHeaders=host&response-content-disposition=attachment%3B%20filename%3Dimage.png&x-id=GetObject
5270,RR 2018 5-9,8629,RR 2018 5-9,04/04/2019 18:43:48,560,day_of_year,21,0,0.100000001,absolute,1,1,366,22050,https://arbimon2.s3.us-east-1.amazonaws.com/project_1149/soundscapes/5270/image.png?X-Amz-Algorithm=AWS4-HMAC-SHA256&X-Amz-Content-Sha256=UNSIGNED-PAYLOAD&X-Amz-Credential=AKIA45B7YWBX5HAZMGOU%2F20250902%2Fus-east-1%2Fs3%2Faws4_request&X-Amz-Date=20250902T170402Z&X-Amz-Expires=604800&X-Amz-Signature=de19893158d9467c1a2ae1dbe40b78508af22ec1f7ab9ab7f5a7850f23f82860&X-Amz-SignedHeaders=host&response-content-disposition=attachment%3B%20filename%3Dimage.png&x-id=GetObject
5273,RR 2017 7:00am-6:40pm,8647,RR 2017 7:00am-6:40pm,04/18/2019 18:36:34,560,day_of_year,21,0,0.100000001,absolute,1,1,366,22050,https://arbimon2.s3.us-east-1.amazonaws.com/project_1149/soundscapes/5273/image.png?X-Amz-Algorithm=AWS4-HMAC-SHA256&X-Amz-Content-Sha256=UNSIGNED-PAYLOAD&X-Amz-Credential=AKIA45B7YWBX5HAZMGOU%2F20250902%2Fus-east-1%2Fs3%2Faws4_request&X-Amz-Date=20250902T170402Z&X-Amz-Expires=604800&X-Amz-Signature=1daeaa489f9042fc74eb7a11a18faacde48eaad356bb94cfdbf4a7447da01043&X-Amz-SignedHeaders=host&response-content-disposition=attachment%3B%20filename%3Dimage.png&x-id=GetObject
5274,2019 test,2631,"4-1 to 4-8, Adults recordings sample",05/18/2019 13:49:18,560,day_of_year,21,0,0,absolute,1,1,366,22050,https://arbimon2.s3.us-east-1.amazonaws.com/project_1149/soundscapes/5274/image.png?X-Amz-Algorithm=AWS4-HMAC-SHA256&X-Amz-Content-Sha256=UNSIGNED-PAYLOAD&X-Amz-Credential=AKIA45B7YWBX5HAZMGOU%2F20250902%2Fus-east-1%2Fs3%2Faws4_request&X-Amz-Date=20250902T170402Z&X-Amz-Expires=604800&X-Amz-Signature=da09359cf670163e4ebcd01f3ca6fbb1a6186fae694cc3663832e29156643c3a&X-Amz-SignedHeaders=host&response-content-disposition=attachment%3B%20filename%3Dimage.png&x-id=GetObject
5275,2019 IP upto 5/19,8694,2019 old Iron Point through 5/15/2019,05/18/2019 14:35:04,560,day_of_year,21,0,0,absolute,1,1,366,22050,https://arbimon2.s3.us-east-1.amazonaws.com/project_1149/soundscapes/5275/image.png?X-Amz-Algorithm=AWS4-HMAC-SHA256&X-Amz-Content-Sha256=UNSIGNED-PAYLOAD&X-Amz-Credential=AKIA45B7YWBX5HAZMGOU%2F20250902%2Fus-east-1%2Fs3%2Faws4_request&X-Amz-Date=20250902T170402Z&X-Amz-Expires=604800&X-Amz-Signature=b838cc8283e3281e7a4b10320722078b99543903b990b68f329306dffae08aa3&X-Amz-SignedHeaders=host&response-content-disposition=attachment%3B%20filename%3Dimage.png&x-id=GetObject
5276,2019 Iron Point through 5/15/2019,8694,2019 old Iron Point through 5/15/2019,05/18/2019 14:35:06,560,day_of_year,21,0,0,absolute,1,1,366,22050,https://arbimon2.s3.us-east-1.amazonaws.com/project_1149/soundscapes/5276/image.png?X-Amz-Algorithm=AWS4-HMAC-SHA256&X-Amz-Content-Sha256=UNSIGNED-PAYLOAD&X-Amz-Credential=AKIA45B7YWBX5HAZMGOU%2F20250902%2Fus-east-1%2Fs3%2Faws4_request&X-Amz-Date=20250902T170402Z&X-Amz-Expires=604800&X-Amz-Signature=b6ac2238c07da2ddaaaff55613a82590af19c328f113bc376ab343a36017d32d&X-Amz-SignedHeaders=host&response-content-disposition=attachment%3B%20filename%3Dimage.png&x-id=GetObject
5277,2019 IP through 5/19,8694,2019 old Iron Point through 5/15/2019,05/18/2019 14:35:07,560,day_of_year,21,0,0,absolute,1,1,366,22050,https://arbimon2.s3.us-east-1.amazonaws.com/project_1149/soundscapes/5277/image.png?X-Amz-Algorithm=AWS4-HMAC-SHA256&X-Amz-Content-Sha256=UNSIGNED-PAYLOAD&X-Amz-Credential=AKIA45B7YWBX5HAZMGOU%2F20250902%2Fus-east-1%2Fs3%2Faws4_request&X-Amz-Date=20250902T170402Z&X-Amz-Expires=604800&X-Amz-Signature=8d305ff20627ec8705b58aff9461c5f31d74aaf6693dc6d057b3e6e79a7050aa&X-Amz-SignedHeaders=host&response-content-disposition=attachment%3B%20filename%3Dimage.png&x-id=GetObject
5308,2019 Markham Ravine,8845,2019 Markham Ravine 7am-6:40pm,07/05/2019 17:33:20,560,day_of_year,21,0,0.050099999,absolute,1,1,366,22050,https://arbimon2.s3.us-east-1.amazonaws.com/project_1149/soundscapes/5308/image.png?X-Amz-Algorithm=AWS4-HMAC-SHA256&X-Amz-Content-Sha256=UNSIGNED-PAYLOAD&X-Amz-Credential=AKIA45B7YWBX5HAZMGOU%2F20250902%2Fus-east-1%2Fs3%2Faws4_request&X-Amz-Date=20250902T170402Z&X-Amz-Expires=604800&X-Amz-Signature=0fdf40c955ba2212db4efd95cc0c599bc4c68ec44e4984417c3d58e7d52c4fd0&X-Amz-SignedHeaders=host&response-content-disposition=attachment%3B%20filename%3Dimage.png&x-id=GetObject
5671,2019 CR hourly 7am-7pm,10006,2019 CR hourly 7am-7pm,03/29/2020 22:30:43,560,day_of_year,21,0,1,absolute,1,1,366,24000,https://arbimon2.s3.us-east-1.amazonaws.com/project_1149/soundscapes/5671/image.png?X-Amz-Algorithm=AWS4-HMAC-SHA256&X-Amz-Content-Sha256=UNSIGNED-PAYLOAD&X-Amz-Credential=AKIA45B7YWBX5HAZMGOU%2F20250902%2Fus-east-1%2Fs3%2Faws4_request&X-Amz-Date=20250902T170402Z&X-Amz-Expires=604800&X-Amz-Signature=96a1faa1fa315e139cb02b85e6998e409c0a4509f286746b3057321899cf8abb&X-Amz-SignedHeaders=host&response-content-disposition=attachment%3B%20filename%3Dimage.png&x-id=GetObject
5684,2019 Hay Landfill hourly 7am-7pm,10017,2019 old Hay Landfill hourly 7am-7pm,04/01/2020 20:54:31,560,day_of_year,21,0,1,absolute,1,1,366,24000,https://arbimon2.s3.us-east-1.amazonaws.com/project_1149/soundscapes/5684/image.png?X-Amz-Algorithm=AWS4-HMAC-SHA256&X-Amz-Content-Sha256=UNSIGNED-PAYLOAD&X-Amz-Credential=AKIA45B7YWBX5HAZMGOU%2F20250902%2Fus-east-1%2Fs3%2Faws4_request&X-Amz-Date=20250902T170402Z&X-Amz-Expires=604800&X-Amz-Signature=6f018f15243e10c3932977cb0c169f1215778351f0509504dccfb3f20c1b2241&X-Amz-SignedHeaders=host&response-content-disposition=attachment%3B%20filename%3Dimage.png&x-id=GetObject
5713,CNWR 27-1 AM 7am-7pm,10143,CNWR 27-1 AM 7am-7pm,05/10/2020 15:33:52,560,day_of_year,21,0,0.492000014,absolute,1,1,366,24000,https://arbimon2.s3.us-east-1.amazonaws.com/project_1149/soundscapes/5713/image.png?X-Amz-Algorithm=AWS4-HMAC-SHA256&X-Amz-Content-Sha256=UNSIGNED-PAYLOAD&X-Amz-Credential=AKIA45B7YWBX5HAZMGOU%2F20250902%2Fus-east-1%2Fs3%2Faws4_request&X-Amz-Date=20250902T170402Z&X-Amz-Expires=604800&X-Amz-Signature=c04aa822a93720c24fc4e6b63bfaef471ecc90a1f8adf2fbd4cbd6bad9f45e0f&X-Amz-SignedHeaders=host&response-content-disposition=attachment%3B%20filename%3Dimage.png&x-id=GetObject
6831,2021 Sedgwick Reserve,15727,2021 Sedgwic Reserve 8am-5:40pm,12/12/2021 20:53:58,2511,day_of_year,21,0,0.419,absolute,1,1,366,24000,https://arbimon2.s3.us-east-1.amazonaws.com/project_1149/soundscapes/6831/image.png?X-Amz-Algorithm=AWS4-HMAC-SHA256&X-Amz-Content-Sha256=UNSIGNED-PAYLOAD&X-Amz-Credential=AKIA45B7YWBX5HAZMGOU%2F20250902%2Fus-east-1%2Fs3%2Faws4_request&X-Amz-Date=20250902T170402Z&X-Amz-Expires=604800&X-Amz-Signature=cd669238a3df007d687dd1903b8fd3ca20ebcd9a46300685385326b34bb9635e&X-Amz-SignedHeaders=host&response-content-disposition=attachment%3B%20filename%3Dimage.png&x-id=GetObject
6972,2020 HL 8-12:40,15920,2021 HL 8am-12:40,12/20/2021 20:22:57,2511,day_of_year,21,0,1,absolute,1,1,366,24000,https://arbimon2.s3.us-east-1.amazonaws.com/project_1149/soundscapes/6972/image.png?X-Amz-Algorithm=AWS4-HMAC-SHA256&X-Amz-Content-Sha256=UNSIGNED-PAYLOAD&X-Amz-Credential=AKIA45B7YWBX5HAZMGOU%2F20250902%2Fus-east-1%2Fs3%2Faws4_request&X-Amz-Date=20250902T170402Z&X-Amz-Expires=604800&X-Amz-Signature=0d1b6a0fb42ef5b4976ed707b36a1d492cd0006e8bba0202b81edd342f57f3ff&X-Amz-SignedHeaders=host&response-content-disposition=attachment%3B%20filename%3Dimage.png&x-id=GetObject
6974,2021 PCP2E 08:00-17:40,15925,2021 PCP2E 08:00-17:40,12/23/2021 16:48:09,2511,day_of_year,21,0,0.5,absolute,1,1,366,24000,https://arbimon2.s3.us-east-1.amazonaws.com/project_1149/soundscapes/6974/image.png?X-Amz-Algorithm=AWS4-HMAC-SHA256&X-Amz-Content-Sha256=UNSIGNED-PAYLOAD&X-Amz-Credential=AKIA45B7YWBX5HAZMGOU%2F20250902%2Fus-east-1%2Fs3%2Faws4_request&X-Amz-Date=20250902T170402Z&X-Amz-Expires=604800&X-Amz-Signature=2abcac51f3ed4bf961d70fd93037329e31704c966c45b8d3dafaef8d8f6cff55&X-Amz-SignedHeaders=host&response-content-disposition=attachment%3B%20filename%3Dimage.png&x-id=GetObject
6979,2021 WW3,15738,2021 Willey Wetlands 3,12/27/2021 22:16:54,2511,day_of_year,21,0,0.349999994,absolute,1,1,366,24000,https://arbimon2.s3.us-east-1.amazonaws.com/project_1149/soundscapes/6979/image.png?X-Amz-Algorithm=AWS4-HMAC-SHA256&X-Amz-Content-Sha256=UNSIGNED-PAYLOAD&X-Amz-Credential=AKIA45B7YWBX5HAZMGOU%2F20250902%2Fus-east-1%2Fs3%2Faws4_request&X-Amz-Date=20250902T170402Z&X-Amz-Expires=604800&X-Amz-Signature=cf3a5e350aaae9af34d48d95bcc00d3facedf4009648975801bf3fe12215e362&X-Amz-SignedHeaders=host&response-content-disposition=attachment%3B%20filename%3Dimage.png&x-id=GetObject
6982,2021 Orchard Creek,15971,2021 OC 08:00-17:40,12/30/2021 03:39:03,2511,day_of_year,21,0,1,absolute,1,1,366,24000,https://arbimon2.s3.us-east-1.amazonaws.com/project_1149/soundscapes/6982/image.png?X-Amz-Algorithm=AWS4-HMAC-SHA256&X-Amz-Content-Sha256=UNSIGNED-PAYLOAD&X-Amz-Credential=AKIA45B7YWBX5HAZMGOU%2F20250902%2Fus-east-1%2Fs3%2Faws4_request&X-Amz-Date=20250902T170402Z&X-Amz-Expires=604800&X-Amz-Signature=ebd02f6f389dfbe403467041ad81aa294bc3e7306c6e36fde05718668df76ead&X-Amz-SignedHeaders=host&response-content-disposition=attachment%3B%20filename%3Dimage.png&x-id=GetObject
6985,2021 Plumas Arboga,15999,2021 Plumas Arboga 08:00-17:40,01/05/2022 01:11:22,2511,day_of_year,21,0,0.323000014,absolute,1,1,366,24000,https://arbimon2.s3.us-east-1.amazonaws.com/project_1149/soundscapes/6985/image.png?X-Amz-Algorithm=AWS4-HMAC-SHA256&X-Amz-Content-Sha256=UNSIGNED-PAYLOAD&X-Amz-Credential=AKIA45B7YWBX5HAZMGOU%2F20250902%2Fus-east-1%2Fs3%2Faws4_request&X-Amz-Date=20250902T170402Z&X-Amz-Expires=604800&X-Amz-Signature=2ba56e6a1ea9338b45f87f0082acc835273e3a8b215c9ff107a53de0679c2e51&X-Amz-SignedHeaders=host&response-content-disposition=attachment%3B%20filename%3Dimage.png&x-id=GetObject
6989,2021 PCP1W,16021,2021 PCP1W 0:800-17:40,01/09/2022 04:02:51,2511,day_of_year,21,0,0.397000015,absolute,1,1,366,24000,https://arbimon2.s3.us-east-1.amazonaws.com/project_1149/soundscapes/6989/image.png?X-Amz-Algorithm=AWS4-HMAC-SHA256&X-Amz-Content-Sha256=UNSIGNED-PAYLOAD&X-Amz-Credential=AKIA45B7YWBX5HAZMGOU%2F20250902%2Fus-east-1%2Fs3%2Faws4_request&X-Amz-Date=20250902T170402Z&X-Amz-Expires=604800&X-Amz-Signature=cdd20a6d524a4f16d3bc117a05c562322d8a18f4ff67d1d6f8be1853dffca662&X-Amz-SignedHeaders=host&response-content-disposition=attachment%3B%20filename%3Dimage.png&x-id=GetObject
6999,2021 RCS,16067,2021 RCS 08:00-17:40,01/11/2022 01:09:11,2511,day_of_year,21,0,0.523999989,absolute,1,1,366,24000,https://arbimon2.s3.us-east-1.amazonaws.com/project_1149/soundscapes/6999/image.png?X-Amz-Algorithm=AWS4-HMAC-SHA256&X-Amz-Content-Sha256=UNSIGNED-PAYLOAD&X-Amz-Credential=AKIA45B7YWBX5HAZMGOU%2F20250902%2Fus-east-1%2Fs3%2Faws4_request&X-Amz-Date=20250902T170402Z&X-Amz-Expires=604800&X-Amz-Signature=604b454d19a3eae9a66f291fede722e3380e3043e47264df4595d81f20c42597&X-Amz-SignedHeaders=host&response-content-disposition=attachment%3B%20filename%3Dimage.png&x-id=GetObject
7012,2021 IP,16097,2021 IP 08:00-17:40,01/13/2022 01:04:14,2511,day_of_year,21,0,1,absolute,1,1,366,24000,https://arbimon2.s3.us-east-1.amazonaws.com/project_1149/soundscapes/7012/image.png?X-Amz-Algorithm=AWS4-HMAC-SHA256&X-Amz-Content-Sha256=UNSIGNED-PAYLOAD&X-Amz-Credential=AKIA45B7YWBX5HAZMGOU%2F20250902%2Fus-east-1%2Fs3%2Faws4_request&X-Amz-Date=20250902T170402Z&X-Amz-Expires=604800&X-Amz-Signature=7a66afeecaaf59a86efc8a95f5b8d04596ecdd4d3f13760d17f9d98885de0870&X-Amz-SignedHeaders=host&response-content-disposition=attachment%3B%20filename%3Dimage.png&x-id=GetObject
7014,2021 CNWR 27-2,16102,2021 CNWR 27-2 08:00-17:40,01/14/2022 00:36:05,2511,day_of_year,21,0,0,absolute,1,1,366,24000,https://arbimon2.s3.us-east-1.amazonaws.com/project_1149/soundscapes/7014/image.png?X-Amz-Algorithm=AWS4-HMAC-SHA256&X-Amz-Content-Sha256=UNSIGNED-PAYLOAD&X-Amz-Credential=AKIA45B7YWBX5HAZMGOU%2F20250902%2Fus-east-1%2Fs3%2Faws4_request&X-Amz-Date=20250902T170402Z&X-Amz-Expires=604800&X-Amz-Signature=a7c51fe6e4233340bda85df57d6cfe660c580f1a88c0e4009a11131b10d3b462&X-Amz-SignedHeaders=host&response-content-disposition=attachment%3B%20filename%3Dimage.png&x-id=GetObject
7016,2021 Kern 1,16110,2021 Kern 1 08:00-17:40,01/16/2022 21:19:27,2511,day_of_year,21,0,0.234999999,absolute,1,1,366,24000,https://arbimon2.s3.us-east-1.amazonaws.com/project_1149/soundscapes/7016/image.png?X-Amz-Algorithm=AWS4-HMAC-SHA256&X-Amz-Content-Sha256=UNSIGNED-PAYLOAD&X-Amz-Credential=AKIA45B7YWBX5HAZMGOU%2F20250902%2Fus-east-1%2Fs3%2Faws4_request&X-Amz-Date=20250902T170402Z&X-Amz-Expires=604800&X-Amz-Signature=0490c160caf86b07b4b578f4c8fcc0b396369638efd4233793a86faa5bf3982e&X-Amz-SignedHeaders=host&response-content-disposition=attachment%3B%20filename%3Dimage.png&x-id=GetObject
7707,2021 HL 0700-1840,19472,2021 HL 0700-1840,08/02/2022 12:09:23,2511,day_of_year,21,0,0.75,absolute,1,1,366,24000,https://arbimon2.s3.us-east-1.amazonaws.com/project_1149/soundscapes/7707/image.png?X-Amz-Algorithm=AWS4-HMAC-SHA256&X-Amz-Content-Sha256=UNSIGNED-PAYLOAD&X-Amz-Credential=AKIA45B7YWBX5HAZMGOU%2F20250902%2Fus-east-1%2Fs3%2Faws4_request&X-Amz-Date=20250902T170402Z&X-Amz-Expires=604800&X-Amz-Signature=4b6c4e28ed7ac9bade234c37c154c80ca7d61b5ae759d12d4ac20166986605b2&X-Amz-SignedHeaders=host&response-content-disposition=attachment%3B%20filename%3Dimage.png&x-id=GetObject
7708,2020 HL 0700-1200,19473,2020 HL 0700-1200,08/02/2022 13:05:27,2511,day_of_year,21,0,0.100000001,absolute,1,1,366,24000,https://arbimon2.s3.us-east-1.amazonaws.com/project_1149/soundscapes/7708/image.png?X-Amz-Algorithm=AWS4-HMAC-SHA256&X-Amz-Content-Sha256=UNSIGNED-PAYLOAD&X-Amz-Credential=AKIA45B7YWBX5HAZMGOU%2F20250902%2Fus-east-1%2Fs3%2Faws4_request&X-Amz-Date=20250902T170402Z&X-Amz-Expires=604800&X-Amz-Signature=d9618af589022218474e399b256054bb625e9baf9d57a58f6c982e95b5327a79&X-Amz-SignedHeaders=host&response-content-disposition=attachment%3B%20filename%3Dimage.png&x-id=GetObject
7709,2019 HL 0700-1840,19474,2019 HL 0700-1840,08/02/2022 14:28:46,2511,day_of_year,21,0,0.910000026,absolute,1,1,366,24000,https://arbimon2.s3.us-east-1.amazonaws.com/project_1149/soundscapes/7709/image.png?X-Amz-Algorithm=AWS4-HMAC-SHA256&X-Amz-Content-Sha256=UNSIGNED-PAYLOAD&X-Amz-Credential=AKIA45B7YWBX5HAZMGOU%2F20250902%2Fus-east-1%2Fs3%2Faws4_request&X-Amz-Date=20250902T170402Z&X-Amz-Expires=604800&X-Amz-Signature=f1473b2d3f18af95c77bc8c5c14749dc1e1c19de197ee83604813d34ef8868cd&X-Amz-SignedHeaders=host&response-content-disposition=attachment%3B%20filename%3Dimage.png&x-id=GetObject
9899,2023 Kern HQ2 MC test,30520,2023 Kern - HQ2,12/24/2023 14:01:07,2511,day_of_year,21,0,0.456999987,absolute,1,1,366,24000,https://arbimon2.s3.us-east-1.amazonaws.com/project_1149/soundscapes/9899/image.png?X-Amz-Algorithm=AWS4-HMAC-SHA256&X-Amz-Content-Sha256=UNSIGNED-PAYLOAD&X-Amz-Credential=AKIA45B7YWBX5HAZMGOU%2F20250902%2Fus-east-1%2Fs3%2Faws4_request&X-Amz-Date=20250902T170402Z&X-Amz-Expires=604800&X-Amz-Signature=e1fd57ece15de33a3c72d3d3613c544451111979e5cc40bdfc9a319dcd03276d&X-Amz-SignedHeaders=host&response-content-disposition=attachment%3B%20filename%3Dimage.png&x-id=GetObject
11800,0800-1400 2024 RJ MP2 bb86,39319,0800-1400 2024 Rancho  Jamul - Main Pond 2,11/14/2024 22:48:19,2511,day_of_year,86,0,0.009,relative-to-peak-maximum,1,1,366,24000,https://arbimon2.s3.us-east-1.amazonaws.com/project_1149/soundscapes/11800/image.png?X-Amz-Algorithm=AWS4-HMAC-SHA256&X-Amz-Content-Sha256=UNSIGNED-PAYLOAD&X-Amz-Credential=AKIA45B7YWBX5HAZMGOU%2F20250902%2Fus-east-1%2Fs3%2Faws4_request&X-Amz-Date=20250902T170402Z&X-Amz-Expires=604800&X-Amz-Signature=d99f8e0a308cbe72dadf55213e074b41f1e5f5d4b9e46bf2186d5b15e9af9383&X-Amz-SignedHeaders=host&response-content-disposition=attachment%3B%20filename%3Dimage.png&x-id=GetObject
11801,2024 RJ MP2,37974,2024 Rancho Jamul - Main Pond 2,11/15/2024 00:29:53,2511,day_of_year,21,0,0,absolute,1,1,366,24000,https://arbimon2.s3.us-east-1.amazonaws.com/project_1149/soundscapes/11801/image.png?X-Amz-Algorithm=AWS4-HMAC-SHA256&X-Amz-Content-Sha256=UNSIGNED-PAYLOAD&X-Amz-Credential=AKIA45B7YWBX5HAZMGOU%2F20250902%2Fus-east-1%2Fs3%2Faws4_request&X-Amz-Date=20250902T170402Z&X-Amz-Expires=604800&X-Amz-Signature=12fc072c0366f8487acf00eeda3947c0190e96b77527da0ad26a0e8135dba86d&X-Amz-SignedHeaders=host&response-content-disposition=attachment%3B%20filename%3Dimage.png&x-id=GetObject
11802,2024 RJ MP2 bb86,37974,2024 Rancho Jamul - Main Pond 2,11/15/2024 01:11:24,2511,day_of_year,86,0,0,absolute,1,1,366,24000,https://arbimon2.s3.us-east-1.amazonaws.com/project_1149/soundscapes/11802/image.png?X-Amz-Algorithm=AWS4-HMAC-SHA256&X-Amz-Content-Sha256=UNSIGNED-PAYLOAD&X-Amz-Credential=AKIA45B7YWBX5HAZMGOU%2F20250902%2Fus-east-1%2Fs3%2Faws4_request&X-Amz-Date=20250902T170402Z&X-Amz-Expires=604800&X-Amz-Signature=29801916221724ff5c6fecf7714fc471839b62c7bdf84855a1b1cccd645c6373&X-Amz-SignedHeaders=host&response-content-disposition=attachment%3B%20filename%3Dimage.png&x-id=GetObject
11803,2024 RJ MP2 bb344,37974,2024 Rancho Jamul - Main Pond 2,11/15/2024 01:13:58,2511,day_of_year,344,0,0,absolute,0,1,366,24000,https://arbimon2.s3.us-east-1.amazonaws.com/project_1149/soundscapes/11803/image.png?X-Amz-Algorithm=AWS4-HMAC-SHA256&X-Amz-Content-Sha256=UNSIGNED-PAYLOAD&X-Amz-Credential=AKIA45B7YWBX5HAZMGOU%2F20250902%2Fus-east-1%2Fs3%2Faws4_request&X-Amz-Date=20250902T170402Z&X-Amz-Expires=604800&X-Amz-Signature=ed81bb7539f3b98e1d283f7985c1d6092b5aa14d2814556e650ec30bdde69b39&X-Amz-SignedHeaders=host&response-content-disposition=attachment%3B%20filename%3Dimage.png&x-id=GetObject
11804,0800-1400 2024 RJ MP2 bb 43,39319,0800-1400 2024 Rancho  Jamul - Main Pond 2,11/15/2024 04:08:21,2511,day_of_year,43,0,0.36500001,absolute,0,1,366,24000,https://arbimon2.s3.us-east-1.amazonaws.com/project_1149/soundscapes/11804/image.png?X-Amz-Algorithm=AWS4-HMAC-SHA256&X-Amz-Content-Sha256=UNSIGNED-PAYLOAD&X-Amz-Credential=AKIA45B7YWBX5HAZMGOU%2F20250902%2Fus-east-1%2Fs3%2Faws4_request&X-Amz-Date=20250902T170402Z&X-Amz-Expires=604800&X-Amz-Signature=3bd16970a237d7d599e6b7b8abd40a202d2129c6906ffa109b95bd259e3f16c2&X-Amz-SignedHeaders=host&response-content-disposition=attachment%3B%20filename%3Dimage.png&x-id=GetObject
11805,0800-1400 2024 RJ MP2 bb344,39319,0800-1400 2024 Rancho  Jamul - Main Pond 2,11/15/2024 04:15:50,2511,day_of_year,86,0,0.319999993,absolute,0,1,366,24000,https://arbimon2.s3.us-east-1.amazonaws.com/project_1149/soundscapes/11805/image.png?X-Amz-Algorithm=AWS4-HMAC-SHA256&X-Amz-Content-Sha256=UNSIGNED-PAYLOAD&X-Amz-Credential=AKIA45B7YWBX5HAZMGOU%2F20250902%2Fus-east-1%2Fs3%2Faws4_request&X-Amz-Date=20250902T170402Z&X-Amz-Expires=604800&X-Amz-Signature=c9e8bc0737da245147f2286e49b198a755006102f1044b7b93a345885ade1cb0&X-Amz-SignedHeaders=host&response-content-disposition=attachment%3B%20filename%3Dimage.png&x-id=GetObject
11806,0800-1400 2024 RJ MP2 bb 21,39319,0800-1400 2024 Rancho  Jamul - Main Pond 2,11/15/2024 04:15:59,2511,day_of_year,21,0,0.739000022,absolute,0,1,366,24000,https://arbimon2.s3.us-east-1.amazonaws.com/project_1149/soundscapes/11806/image.png?X-Amz-Algorithm=AWS4-HMAC-SHA256&X-Amz-Content-Sha256=UNSIGNED-PAYLOAD&X-Amz-Credential=AKIA45B7YWBX5HAZMGOU%2F20250902%2Fus-east-1%2Fs3%2Faws4_request&X-Amz-Date=20250902T170402Z&X-Amz-Expires=604800&X-Amz-Signature=02612d5778892bbf395de75870173d6e16b090c30747ec590ec4fefcda6601c8&X-Amz-SignedHeaders=host&response-content-disposition=attachment%3B%20filename%3Dimage.png&x-id=GetObject
11807,0800-1400 2024 RJ MP2 bb172,39319,0800-1400 2024 Rancho  Jamul - Main Pond 2,11/15/2024 04:16:12,2511,day_of_year,172,0,0.273000002,absolute,1,1,366,24000,https://arbimon2.s3.us-east-1.amazonaws.com/project_1149/soundscapes/11807/image.png?X-Amz-Algorithm=AWS4-HMAC-SHA256&X-Amz-Content-Sha256=UNSIGNED-PAYLOAD&X-Amz-Credential=AKIA45B7YWBX5HAZMGOU%2F20250902%2Fus-east-1%2Fs3%2Faws4_request&X-Amz-Date=20250902T170402Z&X-Amz-Expires=604800&X-Amz-Signature=fb6ae9f1da15b657679e5d1f4ee8e921075b195cbe78478bfb8f30f33f9e5381&X-Amz-SignedHeaders=host&response-content-disposition=attachment%3B%20filename%3Dimage.png&x-id=GetObject
11808,0900-1500 2024 RJ MP2 bb172,39321,0900-1500 2024 RJ MP2,11/15/2024 05:59:02,2511,day_of_year,172,0,0.291999996,absolute,0,1,366,24000,https://arbimon2.s3.us-east-1.amazonaws.com/project_1149/soundscapes/11808/image.png?X-Amz-Algorithm=AWS4-HMAC-SHA256&X-Amz-Content-Sha256=UNSIGNED-PAYLOAD&X-Amz-Credential=AKIA45B7YWBX5HAZMGOU%2F20250902%2Fus-east-1%2Fs3%2Faws4_request&X-Amz-Date=20250902T170402Z&X-Amz-Expires=604800&X-Amz-Signature=733a3bff118ba1ff2c26a0a14260525e4fc27db49fe21c279aadbb8d129db3a6&X-Amz-SignedHeaders=host&response-content-disposition=attachment%3B%20filename%3Dimage.png&x-id=GetObject
11809,0900-1500 Baja RCR2 bb172,39326,0900-1500 Baja RCR2,11/15/2024 06:07:18,2511,day_of_year,172,0,0.072999999,absolute,1,1,366,24000,https://arbimon2.s3.us-east-1.amazonaws.com/project_1149/soundscapes/11809/image.png?X-Amz-Algorithm=AWS4-HMAC-SHA256&X-Amz-Content-Sha256=UNSIGNED-PAYLOAD&X-Amz-Credential=AKIA45B7YWBX5HAZMGOU%2F20250902%2Fus-east-1%2Fs3%2Faws4_request&X-Amz-Date=20250902T170402Z&X-Amz-Expires=604800&X-Amz-Signature=7431da60c53f278c443a1f772d11a9f7e0fd7f9d69fa1c0a3a8bccc44df309f5&X-Amz-SignedHeaders=host&response-content-disposition=attachment%3B%20filename%3Dimage.png&x-id=GetObject
11810,0900-1500 2024 Baja RCR2,39326,0900-1500 Baja RCR2,11/15/2024 07:20:36,2511,day_of_year,344,0,0.082000002,absolute,0,1,366,24000,https://arbimon2.s3.us-east-1.amazonaws.com/project_1149/soundscapes/11810/image.png?X-Amz-Algorithm=AWS4-HMAC-SHA256&X-Amz-Content-Sha256=UNSIGNED-PAYLOAD&X-Amz-Credential=AKIA45B7YWBX5HAZMGOU%2F20250902%2Fus-east-1%2Fs3%2Faws4_request&X-Amz-Date=20250902T170402Z&X-Amz-Expires=604800&X-Amz-Signature=4002279134d769eeee3055e19d8dd9aea96a75c34cb24e6fc2d5266715ba806b&X-Amz-SignedHeaders=host&response-content-disposition=attachment%3B%20filename%3Dimage.png&x-id=GetObject
11811,0900-1500 2024 RJ MP2 bb 344,39321,0900-1500 2024 RJ MP2,11/15/2024 07:21:00,2511,day_of_year,344,0,0.300999999,absolute,1,1,366,24000,https://arbimon2.s3.us-east-1.amazonaws.com/project_1149/soundscapes/11811/image.png?X-Amz-Algorithm=AWS4-HMAC-SHA256&X-Amz-Content-Sha256=UNSIGNED-PAYLOAD&X-Amz-Credential=AKIA45B7YWBX5HAZMGOU%2F20250902%2Fus-east-1%2Fs3%2Faws4_request&X-Amz-Date=20250902T170402Z&X-Amz-Expires=604800&X-Amz-Signature=0c692dcb0c8f6ca8da56fdfbaa45624576c9372412f84108b8940379d1beb875&X-Amz-SignedHeaders=host&response-content-disposition=attachment%3B%20filename%3Dimage.png&x-id=GetObject
